THE	O
PENNY	O
MAGAZINE	O

OF	O
THE	O

Speck	O

Society	B-ORG
for	I-ORG
the	I-ORG
Diffusion	I-ORG
of	I-ORG
Useful	I-ORG
Knowledge	I-ORG
.	O

49	O
.	O
]	O

PUBLISHED	O
EVERY	O
SATURDAY	O
.	O

[	O
JANUARY	B-DATE
5	I-DATE
,	I-DATE
1833	I-DATE
.	O

LEOPARD	O
HUNTING	O
.	O

m	O

Selle	O

[	O
Tree	O
Leopard	O
at	O
Bay	O
.	O
]	O

Tae	O
leopard	O
of	O
Southern	B-LOC
Africa	I-LOC
is	O
known	O
among	O
the	O
women	O
are	O
not	O
unfrequently	O
destroyed	O
by	O
him	O
.	O
In	O
the	O

Cape	B-NORP
colonists	I-NORP
by	O
the	O
name	O
of	O
tiger	O
;	O
but	O
is	O
,	O
in	O
fact	O
,	O
the	O
Cape	B-GPE
Colony	I-GPE
,	O
where	O
no	O
such	O
respect	O
is	O
paid	O
him	O
,	O
he	O
is	O

real	O
leopard	O
,	O
the	O
felis	O
jubata	O
of	O
naturalists	O
.	O
It	O
differs	O
shyer	O
and	O
much	O
more	O
in	O
awe	O
of	O
man	O
.	O
But	O
though	O
in	O

from	O
the	O
panther	O
of	O
Northern	B-LOC
Africa	I-LOC
in	O
the	O
form	O
of	O
its	O
South	B-LOC
Africa	I-LOC
he	O
seldom	O
or	O
never	O
ventures	O
to	O
attack	O
man	O
-	O

spots	O
,	O
in	O
the	O
more	O
slender	O
structure	O
of	O
its	O
body	O
,	O
and	O
in	O
kind	O
,	O
except	O
when	O
driven	O
to	O
extremity	O
(	O
unless	O
it	O
be	O

the	O
legs	O
not	O
being	O
so	O
long	O
in	O
proportion	O
to	O
its	O
size	O
.	O
some	O
poor	O
Hottentot	O
child	O
'	O
now	O
and	O
then	O
that	O
he	O
finds	O

vatching	O
for	O
his	O
prey	O
the	O
leopard	O
crouches	O
on	O
the	O
unguarded	O
)	O
,	O
yet	O
in	O
remote	O
places	O
,	O
his	O
low	O
,	O
half	O
-	O
smo	O
-	O

ground	O
,	O
with	O
his	O
fore	O
-	O
paws	O
.	O
stretched	O
out	O
and	O
his	O
head	O
thered	O
growl	O
is	O
frequently	O
heard	O
at	O
night	O
,	O
as	O
he	O
prowls	O

between	O
them	O
,	O
his	O
eyes	O
rather	O
directed	O
upwards	O
.	O
His	O
around	O
the	O
cottage	O
or	O
the	O
kraal	O
,	O
as	O
the	O
writer	O
of	O
this	O

appearance	O
in	O
his	O
wild	O
state	O
is	O
exceedingly	O
beautiful	O
,	O
his	O
notice	O
has	O
a	O
hundred	O
times	O
heard	O
it	O
.	O
His	O
purpose	O
on	O

inotions	O
in	O
the	O
highest	O
degree	O
easy	O
and	O
graceful	O
,	O
and	O
such	O
occasions	O
is	O
to	O
break	O
into	O
the	O
sheep	O
-	O
fold	O
,	O
and	O
in	O

his	O
agility	O
in	O
bounding	O
among	O
the	O
rocks	O
and	O
woods	O
quite	O
this	O
purpose	O
he	O
not	O
unfrequently	O
succeeds	O
,	O
in	O
spite	O
of	O

amazing	O
.	O
Of	O
this	O
activity	O
no	O
person	O
can	O
have	O
any	O
idea	O
the	O
troops	O
of	O
fierce	O
watch	O
-	O
dogs	O
which	O
every	O
farmer	O
keeps	O

by	O
seeing	O
these	O
animals	O
in	O
the	O
cages	O
in	O
which	O
they	O
are	O
to	O
protect	O
his	O
flocks	O
.	O

usually	O
exhibited	O
in	O
Europe	B-GPE
,	O
humbled	O
and	O
tamed	O
as	O
they	O
The	O
leopard	O
,	O
like	O
the	O
hyæna	O
,	O
is	O
often	O
caught	O
in	O
traps	O

are	O
by	O
confinement	O
and	O
the	O
damp	O
cold	O
of	O
our	O
climate	O
.	O
constructed	O
of	O
large	O
stones	B-PRODUCT
and	O
timber	B-PRODUCT
,	O
but	O
upon	O
the	O

The	O
leopard	O
is	O
chiefly	O
found	O
in	O
the	O
mountainous	O
dis	O
-	O
same	O
principle	O
as	O
a	O
common	O
mouse	O
-	O
trap	O
.	O
When	O
thus	O

tricts	O
of	O
South	B-GPE
Africa	I-GPE
,	O
where	O
he	O
preys	O
on	O
such	O
of	O
the	O
caught	O
,	O
he	O
is	O
usually	O
baited	O
with	O
dogs	O
,	O
in	O
order	O
to	O
train	O

antelopes	O
as	O
he	O
can	O
surprise	O
,	O
on	O
young	O
baboons	O
,	O
and	O
on	O
them	O
to	O
contend	O
with	O
him	O
,	O
and	O
seldom	O
dies	O
without	O

the	O
rock	O
badgers	O
or	O
rabbits	O
.	O
He	O
is	O
very	O
much	O
dreaded	O
killing	O
one	O
or	O
two	O
of	O
his	O
canine	O
antagonists	O
.	O
When	O

by	O
the	O
Cape	B-NORP
farmers	I-NORP
also	O
,	O
for	O
his	O
ravages	O
among	O
the	O
hunted	O
in	O
the	O
fields	O
,	O
he	O
instinctively	O
betakes	O
himself	O

flocks	B-PRODUCT
,	O
and	O
among	O
the	O
young	O
foals	B-PRODUCT
and	O
calves	B-PRODUCT
in	O
the	O
to	O
a	O
tree	O
,	O
if	O
one	O
should	O
be	O
within	O
reach	O
.	O
In	O
this	O
situa	O
-	O

breeding	O
season	O
.	O

tion	O
it	O
is	O
exceedingly	O
perilous	O
to	O
approach	O
within	O
reach	O

The	O
leopard	O
is	O
often	O
seen	O
at	O
night	O
in	O
the	O
villages	B-LOC
of	O
of	O
his	O
spring	O
;	O
but	O
at	O
the	O
same	O
time	O
,	O
from	O
his	O
exposed	O

the	O
negroes	O
on	O
the	O
west	B-LOC
coast	I-LOC
;	O
and	O
being	O
considered	O
a	O
position	O
,	O
he	O
becomes	O
an	O
easy	O
prey	O
to	O
the	O
shot	O
of	O
the	O

sacred	O
animal	O
,	O
is	O
never	O
hunted	O
,	O
though	O
children	O
and	O
huntsman	O
,	O

VOL	O
.	O
II	O

B	O

#	O
#	O
p	O
.	O
2	O
(	O
#	O
12	O
)	O
#	O
#	O
#	O
#	O
#	O
#	O
#	O
#	O
#	O
#	O
#	O
#	O
#	O
#	O
#	O
#	O
#	O
#	O
#	O
#	O
#	O
#	O
#	O
#	O
#	O
#	O
#	O
#	O
#	O
#	O
#	O
#	O
#	O
#	O
#	O
#	O
#	O
#	O
#	O
#	O
#	O
#	O
#	O
#	O
#	O
#	O
#	O

2	O

(	O
JANUARY	O
5	O
,	O

THE	O
PENNY	O
MAGAZINE	O
.	O

the	O
savage	O

The	O
South	O
African	O
leopard	O
,	O
though	O
far	O
inferior	O
to	O
gigantic	O
groves	O
of	O
euphorbia	O
,	O
extending	O
their	O
leafless	O

the	O
lion	O
or	O
Bengal	O
tiger	O
in	O
strength	O
and	O
intrepidity	O
,	O
and	O
arms	O
above	O
the	O
far	O
-	O
spread	O
forest	O
of	O
shrubbery	O
.	O
The	O

though	O
he	O
usually	O
shuns	O
a	O
conflict	O
with	O
man	O
,	O
is	O
never	O
-	O
effect	O
of	O
the	O
whole	O
,	O
flushed	O
with	O
a	O
rosy	O
tinge	O
by	O
the	O
setting	O

theless	O
an	O
exceedingly	O
active	O
and	O
furious	O
animal	O
,	O
and	O
sun	O
,	O
was	O
singularly	O
striking	O
and	O
beautiful	O
.	O

when	O
driven	O
to	O
desperation	O
becomes	O
a	O
truly	O
formidable	O
I	O
did	O
not	O
attempt	O
to	O
examine	O
the	O
saline	O
incrustation	O

antagonist	O
.	O
The	O
'	O
Cape	B-NORP
colonists	I-NORP
relate	O
many	O
instances	O
which	O
,	O
according	O
to	O
Mr	B-PERSON
.	I-PERSON
Barrow	I-PERSON
's	O
account	O
,	O
is	O
said	O
to	O
ex	O
-	O

of	O
frightful	O
and	O
sometimes	O
fatal	O
encounters	O
between	O
tend	O
over	O
the	O
whole	O
bottom	O
of	O
the	O
lake	B-LOC
;	O
but	O
I	O
tasted	O
the	O

the	O
hunted	O
leopard	O
and	O
his	O
pursuers	O
.	O
The	O
following	O
is	O
water	O
,	O
and	O
found	O
it	O
as	O
salt	O
as	O
brine	O
.	O
Of	O
the	O
various	O

a	O
specimen	O
of	O
these	O
adventures	O
.	O
It	O
occurred	O
in	O
1822	B-DATE
,	O
theories	O
suggested	O
by	O
naturalists	O
to	O
account	O
for	O
the	O
for	O
-	O

when	O
the	O
present	O
writer	O
was	O
in	O
the	O
interior	O
of	O
the	O
colony	B-LOC
,	O
|	O
mation	O
of	O
this	O
and	O
similar	O
lakes	B-LOC
in	O
South	B-GPE
Africa	I-GPE
,	O
that	O

and	O
is	O
here	O
given	O
as	O
it	O
was	O
related	O
to	O
him	O
by	O
an	O
indivi	O
-	O
which	O
ascribes	O
their	O
origin	O
to	O
salt	O
springs	O
appears	O
the	O

dual	O
who	O
knew	O
the	O
parties	O
engaged	O
in	O
it	O
.	O

most	O
probable	O
.	O

Two	O
African	O
farmers	O
,	O
returning	O
from	O
hunting	O
the	O

hartebeest	O
(	O
antilope	O
bubalis	O
)	O
,	O
roused	O
a	O
leopard	O
in	O
a	O

ASCHYLUS	O
.	O

mountain	O
ravine	O
,	O
and	O
immediately	O
gave	O
chase	O
to	O
him	O
.	O
The	O
subject	O
of	O
the	O
Prometheus	O
Bound	O
of	O
Aschylus	O
is	O

The	O
leopard	O
at	O
first	O
endeavoured	O
to	O
escape	O
by	O
clambering	O

one	O
of	O
the	O
noblest	O
conceptions	O
of	O
the	O
Athenian	O
drama	O
,	O

up	O
a	O
precipice	O
;	O
but	O
being	O
hotly	O
pressed	O
,	O
and	O
wounded	O
expressed	O
in	O
a	O
language	O
that	O
will	O
always	O
give	O
delight	O
,	O
and	O

by	O
a	O
musket	B-PRODUCT
-	I-PRODUCT
ball	I-PRODUCT

,	O
he	O
turned	O
upon	O
his	O
pursuers	O
with	O
that	O
excite	O
a	O
sympathy	O
in	O
every	O
congenial	O
breast	O
.	O
Prome	O
-	O

frantic	O
ferocity	O
peculiar	O
to	O
this	O
animal	O
on	O
such	O
emergen	O
-	O
|	O
theus	O
,	O
himself	O
a	O
God	O
,	O
the	O
giver	O
of	O
the	O
gift	O
of	O
fire	O
to	O
mor	O
-	O

cies	O
,	O
and	O
springing	O
on	O
the	O
man	O
who	O
had	O
fired	O
at	O
him	O
,	O
tals	O
,	O
-	O
-	O
the	O
friend	O
of	O
man	O
,	O
who	O
taught	O
the	O
shivering	O
,	O
starv	O
-	O

tore	O
him	O
from	O
his	O
horse	O
to	O
the	O
ground	O
,	O
biting	O
him	O
at	O
the	O
ing	O
wretch	O
the	O
useful	O
arts	O
of	O
life	O
,	O
-	O
-	O
is	O
bound	O
down	O
by	O
the	O

same	O
time	O
on	O
the	O
shoulder	O
,	O
and	O
tearing	O
one	O
of	O
his	O
cheeks	O
conimand	O
of	O
Jupiter	O
to	O
the	O
snow	O
-	O
clad	O
rocks	O
of	O
Scythia	B-GPE
,	O
as	O

severely	O
with	O
his	O
claws	O
.	O
The	O
other	O
hunter	O
seeing	O
the	O
a	O
punishinent	O
for	O
his	O
beneficent	O
intentions	O
.	O
But	O
though	O

danger	O
of	O
his	O
comrade	O
,	O
sprang	O
from	O
his	O
horse	O
and	O
conquered	O
,	O
the	O
spirit	O
of	O
the	O
friend	O
of	O
humanity	O
is	O
not	O

attempted	O
to	O
shoot	O
the	O
leopard	O
through	O
the	O
head	O
;	O
but	O
,	O
subdued	O
.	O
Stern	O
,	O
unyielding	O
,	O
unfearing	O
,	O
his	O
noble	O
nature	O

whether	O
owing	O
to	O
trepidation	O
,	O
or	O
the	O
fear	O
of	O
wounding	O
braves	O
the	O
cruelty	O
of	O
his	O
tyrant	O
;	O
and	O
,	O
far	O
from	O
bending	O
to	O

his	O
friend	O
,	O
or	O
the	O
quick	O
motions	O
of	O
the	O
animal	O
,	O
he	O
unfor	O
-	O

sue	O
for	O
mercy	O
,	O
he	O
is	O
ready	O
to	O
endure	O
till	O
,	O
in	O
the	O
full	O
-	O

tunately	O
missed	O
.	O
The	O
leopard	O
,	O
abandoning	O
his	O
prostrate	O
ness	O
of	O
time	O
,	O
the	O
decrees	O
of	O
fate	O
shall	O
be	O
accomplished	O
,	O

enemy	O
,	O
darted	O
with	O
redoubled	O
fury	O
upon	O
his	O
second	O
an	O
-	O
1	O
and	O
Jupiter	B-PERSON
shall	O
yield	O
his	O
throne	O
to	O
one	O
mightier	O
than	O

tagonist	O
,	O
and	O
so	O
fierce	O
and	O
sudden	O
was	O
his	O
onset	O
,	O
that	O

himself	O
.	O

before	O
the	O
boor	O
could	O
stab	O
him	O
with	O
his	O
hunting	O
-	O
knife	O
,	O

Old	B-PERSON
Ocean	I-PERSON
,	O
who	O
comes	O
to	O
console	O
him	O
in	O
his	O
misfor	O
-	O

beast	O
struck	O
him	O
on	O
the	O
head	O
with	O
his	O
claws	O
,	O
tunes	O
,	O
and	O
offers	O
to	O
be	O
the	O
bearer	O
of	O
a	O
petition	O
to	O
Jupiter	B-PERSON

and	O
actually	O
tore	O
the	O
scalp	O
over	O
his	O
eyes	O
.	O
In	O
this	O
fright	O
-	O
in	O
his	O
favour	O
,	O
is	O
answered	O
thus	O
:	O

ful	O
condition	O
the	O
hunter	O
grappled	O
with	O
the	O
leopard	O
;	O
and	O
,	O

Prometheus	B-PERSON
.	O
-	O
\	O
commend	O
thy	O
good	O
intentions	O
,	O
and	O
I	O

struggling	O
for	O
life	O
,	O
they	O
rolled	O
together	O
down	O
a	O
steep	O
de	O
will	O
never	O
cease	O
to	O
do	O
so	O
;	O
for	O
in	O
zeal	O
thou	O
art	O
not	O
lack	O
-	O

clivity	O
.	O
All	O
this	O
passed	O
far	O
more	O
rapidly	O
than	O
it	O
can	O
be	O
ing	O
.	O
But	O
trouble	O
not	O
thyself	O
,	O
for	O
all	O
in	O
vain	O
,	O
and	O
all	O

described	O
in	O
words	O
.	O
Before	O
the	O
man	O
who	O
had	O
been	O
first	O
bootless	O
to	O
me	O
,	O
will	O
thy	O
labour	O
be	O
,	O
-	O
labour	O
thou	O
ever	O
so	O

attacked	O
could	O
start	O
to	O
his	O
feet	O
and	O
seize	O
liis	O
gun	O
,	O
they	O
much	O
.	O
Be	O
quiet	O
,	O
and	O
keep	O
thyself	O
out	O
of	O
harm	O
's	O
way	O
;	O

were	O
rolling	O
one	O
over	O
the	O
other	O
down	O
the	O
bank	O
.	O
In	O
a	O
for	O
if	O
I	O
am	O
wretched	O
,	O
I	O
do	O
not	O
therefore	O
wish	O
to	O
have	O

minute	O
or	O
two	O
he	O
had	O
reloaded	O
his	O
gun	O
,	O
and	O
rushed	O
for	O
others	O
to	O
share	O
my	O
miseries	O
.	O
No	O
:	O
already	O
I	O
grieve	O

ward	O
to	O
save	O
the	O
life	O
of	O
his	O
friend	O
.	O

But	O
it	O
was	O
too	O
late	O
.	O
enough	O
for	O
the	O
sorrows	O
of	O
my	O
brother	O
Atlas	B-PERSON
,	O
who	O
stands	O

The	O
leopard	O
had	O
seized	O
the	O
unfortunate	O
man	O
by	O
the	O
in	O
the	O
regions	O
of	O
the	O
west	B-LOC
,	O
the	O
pillar	O
of	O
heaven	B-LOC
and	O
earth	B-LOC
,	O

throat	O
,	O
and	O
mangled	O
him	O
so	O
dreadfully	O
,	O
that	O
death	O
was	O
bearing	O
on	O
his	O
shoulders	O
no	O
easy	O
weight	O
.	O
I	O
have	O
seen	O
,	O

inevitable	O
;	O
and	O
his	O
comrade	O
(	O
himself	O
severely	O
wounded	O
)	O
and	O
pitied	O
too	O
,	O
the	O
earth	O
-	O
born	O
dweller	O
in	O
the	O
caverns	B-LOC
of	O

had	O
only	O
the	O
melancholy	O
satisfaction	O
of	O
completing	O
the	O
Cilicia	B-PERSON
,	O
the	O
prodigious	O
giant	O
,	O
hundred	O
-	O
head	O
impetuous	O

destruction	O
of	O
the	O
savage	O
beast	O
,	O
already	O
exhausted	O
with	O
Typhon	B-PERSON
,	O
by	O
force	O
subdued	O
,	O
who	O
opposed	O
all	O
the	O
Gods	O
,	O

the	O
loss	O
of	O
blood	O
from	O
several	O
deep	O
wounds	O
by	O
the	O
spouting	O
forth	O
blood	O
with	O
horrid	O
mouth	O
;	O
and	O
from	O
his	O

desperate	O
knife	O
of	O
the	O
expiring	O
huntsman	O
.	O

eyes	O
he	O
flashed	O
a	O
terrific	O
light	O
,	O
as	O
if	O
he	O
would	O
overturn	O

the	O
sovereignty	O
of	O
Jupiter	B-PERSON
.	O
But	O
Jove	B-PERSON
's	O
sleepless	O
bolt	O

A	O
SALT	B-LOC
LAKE	I-LOC
IN	O
SOUTH	B-GPE
AFRICA	I-GPE
.	O

descended	O
on	O
him	O
—	O
the	O
down	O
-	O
rushing	O
lightning	O
breathing	O

Tuus	O
lake	O
,	O
which	O
lies	O
in	O
the	O
midst	O
of	O
an	O
extensive	O
plain	O
,	O
Struck	O
to	O
the	O
innermost	O
seat	O
of	O
life	O
,	O
his	O
strength	O
was	O
re	O
-	O

forth	O
flame	O
—	O
and	O
beat	O
him	O
from	O
his	O
high	O
-	O
lown	O
boastings	O
.	O

elevated	O
considerably	O
above	O
the	O
level	O
of	O
the	O
sea	O
,	O
is	O
of	O
an	O

oval	O
form	O
,	O
about	O
three	O
miles	O
in	O
circumference	O
,	O
and	O
has	O
duced	O
to	O
ashes	O
,	O
and	O
his	O
power	O
was	O
destroyed	O
by	O
the	O

on	O
one	O
side	O
a	O
sloping	O
margin	O
of	O
green	B-LOC
turf	I-LOC
;	O
on	O
other	O
thunder	O
.	O
And	O
now	O
he	O
lies	O
a	O
withered	O
and	O
outstretched	O

carcase	O
,	O
near	O
the	O
narrow	O
straits	B-LOC
of	O
the	O
sea	B-LOC
,	O
baked	O
beneath	O

parts	O
,	O
banks	O
of	O
greater	O
elevation	O
and	O
abruptness	O
are	O
co	O
-	O

vered	O
with	O
continuous	O
thickets	O
of	O
arboreous	O
and	O
succulent	O
the	O
roots	O
of	O
Ætna	B-LOC
.	O
On	O
the	O
suminit	O
Vulcan	B-LOC
sits	O
,	O
and	O

plants	O
.	O
At	O
the	O
time	O
of	O
our	O
visit	O
the	O
whole	O
of	O
the	O
lake	O
forms	O
the	O
glowing	O
mass	O
:	O
and	O
hence	O
shall	O
streams	O
of	O

round	O
the	O
margin	O
,	O
and	O
a	O
considerable	O
portion	O
of	O
its	O
fire	O
hereafter	O
burst	O
,	O
eating	O
up	O
with	O
devouring	O
mouth	O
the	O

entire	O
surface	O
,	O
was	O
covered	O
with	O
a	O
thick	O
rind	O
of	O
salt	O
level	O
plains	O
of	O
fertile	O
Sicily	B-GPE
*	O
Such	O
fury	O
shall	O
Typhon	B-PERSON

sprinkled	O
over	O
with	O
small	O
snow	O
-	O
white	O
crystals	O
,	O
giving	O
the	O
breathe	O
forth	O
in	O
warm	O
showers	O
of	O
unceasing	O
fiery	O
hail	O
,	O

whole	O
basin	O
the	O
aspect	O
of	O
a	O
pond	O
partially	O
frozen	O
and	O
though	O
reduced	O
to	O
a	O
cinder	O
by	O
the	O
bolt	O
of	O
Jupiter	B-PERSON
.	O
But	O

powdered	O
over	O
with	O
hoar	O
frost	O
or	O
flakes	O
of	O
snow	O
.	O

thou	O
,	O
Ocean	B-LOC
,	O
art	O
not	O
without	O
experience	O
,	O
and	O
wantest	O

This	O

not	O
me	O
as	O
a	O
teacher	O
.	O
Save	O
thyself	O
as	O
thou	O
best	O
can	O
.	O
But	O

wintry	O
appearance	O
of	O
the	O
lake	B-LOC
formed	O
a	O
singular	O
contrast	O

as	O
for	O
me	O
I	O
will	O
bear	O
my	O
present	O
sufferings	O
till	O
the	O
mind	O

with	O
the	O
exuberant	O
vegetation	O
which	O
embowered	O
its	O
mar	O
-	O

gins	O
,	O
where	O
woods	O
of	O
beautiful	O
evergreens	O
and	O
elegant	O

of	O
Jupiter	B-PERSON
shall	O
relent	O
from	O
its	O
wrath	O
.	O

Prometheus	B-PERSON
addresses	O
the	O
Chorus	O
who	O
are	O
sympa	O
-	O

acacias	O
were	O
richly	O
intermingled	O
with	O
flowering	O
shrubs	O

and	O
succulent	O
plants	O
of	O
lofty	O
size	O
and	O
strange	O
exotic	O
thizing	O
with	O
his	O
misfortunes	O
.	O

Prometheus	B-PERSON
.	O
—	O
Think	O
not	O
that	O
I	O
am	O
silent	O
through	O

aspect	O
,	O
-	O
such	O
as	O
the	O
portulacaria	O
afra	O
(	O
favourite	O
food	O

of	O
the	O
elephant	O
)	O
,	O
the	O
tree	O
crassula	O
,	O
the	O
scarlet	O
cotelydon	O
,	O
•	O
Æschylus	B-PERSON
is	O
here	O
evidently	O
alluding	O
to	O
an	O
eruption	O
of	O
Etna	B-LOC
,	O

many	O
species	O
of	O
the	O
aloe	O
,	O
some	O
throwing	O
out	O
their	O
clus	O
-	O
which	O
took	O
place	O
n	O
.	O
c	O
.	O
476	B-DATE
,	O
some	O
time	O
before	O
he	O
went	O
to	O
Sicily	B-GPE
,	O
and	O
is	O

ters	O
of	O
flowers	O
over	O
the	O
brink	O
of	O
the	O
lake	B-LOC
,	O
others	O
clevat	O
-	O
mentioned	O
by	O
Thucydides	B-PERSON
in	O
the	O
last	O
chapter	O
of	O
his	O
third	O
book	O
.	O

ing	O
their	O
superb	O
tiaras	O
of	O
blood	O
-	O
red	O
blossoms	O
to	O
the	O
this	O
passage	O
may	O
also	O
have	O
been	O
inserted	O
afterwards	O
.	O
Æschylus	B-PERSON

Though	O
the	O
Prometheus	B-PERSON
may	O
have	O
been	O
written	O
before	O
the	O
eruption	B-EVENT
,	O

height	O
of	O
twelve	B-QUANTITY
or	I-QUANTITY
fifteen	I-QUANTITY
feet	I-QUANTITY
;	O
and	O
,	O
high	O
over	O
all	O
,	O
was	O
horn	O
8	O
.	O
c	O
.	O
525	B-DATE
,	O

#	O
#	O
p	O
.	O
3	O
(	O
#	O
13	O
)	O
#	O
#	O
#	O
#	O
#	O
#	O
#	O
#	O
#	O
#	O
#	O
#	O
#	O
#	O
#	O
#	O
#	O
#	O
#	O
#	O
#	O
#	O
#	O
#	O
#	O
#	O
#	O
#	O
#	O
#	O
#	O
#	O
#	O
#	O
#	O
#	O
#	O
#	O
#	O
#	O
#	O
#	O
#	O
#	O
#	O
#	O
#	O

1633	O
.	O
]	O

3	O

THE	O
PENNY	O
MAGAZINE	O
.	O

5	O
.	O

The	O

ng	O

et	O

JUS	O

IS	O

12	O

nd	O

16	O
-	O

he	O

15	O

r	O
11	O

TC	O

ik	O

d	O
.	O

201	O

ET	O

1	O

.	O

0	O

pride	O
or	O
stubbornness	O
,	O
but	O
I	O
am	O
wasting	O
my	O
heart	O
with	O
is	O
greatly	O
assisted	O
by	O
moderate	O
showers	O
;	O
but	O
a	O
too	O
rainy	O

thought	O
,	O
at	O
seeing	O
myself	O
thus	O
shamefully	O
treated	O
.	O
Who	O
season	O
is	O
injurious	O
to	O
the	O
harvest	O
.	O
When	O
the	O
cane	O
or	O

but	O
myself	O
securely	O
fixed	O
for	O
these	O
new	O
Gods	O
their	O
seve	O
-	O
stalk	O
has	O
attained	O
several	O
inches	O
in	O
height	O
,	O
the	O
ground	O

ral	O
privileges	O
?	O
but	O
I	O
say	O
no	O
more	O
about	O
this	O
,	O
for	O
I	O
should	O
about	O
requires	O
to	O
be	O
thrown	O
up	O
again	O
;	O
and	O
a	O
thiril	O

tell	O
the	O
tale	O
to	O
you	O
who	O
know	O
it	O
well	O
.	O
But	O
as	O
to	O
the	O
trenching	O
is	O
required	O
when	O
the	O
plant	O
has	O
risen	O
one	O
foss	O

,	O

once	O
wretched	O
state	O
of	O
man	O
,	O
hear	O
while	O
I	O
relate	O
how	O
I	O
above	O
the	O
ground	O
.	O
The	O
leaves	O
of	O
the	O
Indian	O
cors	O

gave	O
understanding	O
to	O
him	O
who	O
was	O
ignorant	O
as	O
an	O
serve	O
to	O
feed	O
the	O
cattle	B-PRODUCT
,	O
as	O
very	O
little	O
hay	B-PRODUCT
is	O
made	O
in	O

infant	O
,	O
and	O
made	O
him	O
the	O
possessor	O
of	O
knowledge	O
.	O
And	O
Portugal	B-GPE
.	O

I	O
shall	O
say	O
this	O
,	O
not	O
that	O
I	O
have	O
aught	O
for	O
which	O
to	O
blame	O
The	O
olive	B-PRODUCT
crop	I-PRODUCT
,	O
which	O
is	O
another	O
important	O
produce	O
of	O

mankind	O
,	O
but	O
to	O
show	O
the	O
goodwill	O
with	O
which	O
I	O
helped	O
Portugal	B-GPE
,	O
is	O
ripe	O
in	O
December	O
or	O
January	O
.	O
The	O
olives	B-PRODUCT

them	O
.	O
Seeing	O
they	O
saw	O
not	O
,	O
and	O
hearing	O
they	O
heard	O
not	O
,	O
are	O
beaten	O
off	O
the	O
trees	O
with	O
poles	O
,	O
and	O
not	O
plucked	O
with	O

but	O
like	O
the	O
phantoms	O
of	O
a	O
dream	O
they	O
had	O
long	O
jumbled	O
the	O
hand	O
as	O
in	O
the	O
south	O
of	O
France	B-GPE
,	O
or	O
at	O
Genoa	B-GPE
and	O

all	O
things	O
in	O
utter	O
confusion	O
.	O
They	O
knew	O
not	O
how	O
to	O
Lucca	O
;	O
this	O
is	O
one	O
reason	O
why	O
Portuguese	O
oil	B-PRODUCT
is	O
in	O
-	O

raise	O
brick	O
-	O
built	O
houses	O
turned	O
to	O
receive	O
the	O
sun	O
,	O
—	O
they	O
ferior	O
.	O
Some	O
farmers	O
press	O
the	O
olives	B-PRODUCT
immediately	O
,	O

knew	O
not	O
the	O
art	O
of	O
fashioning	O
wood	O
;	O
but	O
like	O
ants	O
in	O
the	O
others	O
shoot	O
them	O
down	O
in	O
heaps	O
,	O
throwing	O
salt	O
on	O
them	O
,	O

sunless	O
recesses	O
of	O
caves	B-LOC
,	O
they	O
dwelled	O
deep	O
-	O
burrowing	O
in	O
and	O
suffering	O
them	O
to	O
ferment	O
,	O
by	O
which	O
they	O
obtain	O

the	O
earth	O
.	O
And	O
they	O
knew	O
not	O
the	O
signs	O
of	O
winter	O
,	O
nor	O
more	O
oil	B-PRODUCT
but	O
of	O
inferior	O
quality	O
.	O
An	O
absurd	O
old	O
privilege	O

of	O
flower	O
-	O
bringing	O
spring	O
,	O
nor	O
of	O
fruit	O
-	O
bearing	O
autumn	O
;	O
is	O
mentioned	O
by	O
Mr	B-PERSON
.	I-PERSON
Kinsey	I-PERSON
*	O
as	O
still	O
existing	O
,	O
by	O
which	O
the	O

but	O
they	O
did	O
everything	O
without	O
forethought	O
,	O
till	O
i	O
fidalgos	O
or	O
nobles	O
,	O
and	O
the	O
religious	O
corporations	O
,	O
have	O

pointed	O
out	O
to	O
them	O
the	O
risings	O
of	O
the	O
stars	O
,	O
and	O
their	O
alone	O
the	O
right	O
of	O
keeping	O
oil	B-FAC
-	I-FAC
presses	I-FAC
,	O
so	O
that	O
the	O
farmers	O

settings	O
,	O
difficult	O
to	O
discern	O
.	O
And	O
I	O
invented	O
for	O
them	O
or	O
small	O
proprietors	O
must	O
wait	O
until	O
they	O
can	O
borrow	O
the	O

Number	O
,	O
the	O
first	O
of	O
arts	O
,	O
and	O
the	O
putting	O
together	O
use	O
of	O
them	O
after	O
the	O
others	O
have	O
done	O
.	O
In	O
consequence	O

of	O
letters	O
,	O
and	O
Memory	O
the	O
mother	O
of	O
the	O
Muses	O
,	O
the	O
of	O
this	O
,	O
they	O
are	O
obliged	O
to	O
keep	O
their	O
crops	B-PRODUCT
sometimes	O

parent	O
of	O
all	O
things	O
.	O
And	O
I	O
first	O
bound	O
animals	O
to	O
till	O
May	B-DATE
or	I-DATE
June	I-DATE
,	O
when	O
the	O
fruit	B-PRODUCT
has	O
become	O
spoilt	O
.	O
The	O

the	O
yoke	O
obedient	O
to	O
the	O
collar	O
;	O
and	O
that	O
he	O
might	O
re	O
-	O
presses	O
are	O
worked	O
by	O
oxen	B-PRODUCT
,	O
and	O
the	O
corn	B-PRODUCT
in	O
most	O
places	O

lieve	O
man	O
from	O
his	O
greatest	O
toils	O
,	O
I	O
brought	O
under	O
the	O
is	O
also	O
trodden	O
by	O
oxen	B-PRODUCT
on	O
a	O
temporary	O
floor	O
made	O
in	O

chariot	O
the	O
horse	O
obedient	O
to	O
the	O
in	O
,	O
an	O
ornament	O
of	O
the	O
field	O
.	O

luxurious	O
wealth	O
.	O
And	O
none	O
before	O
me	O
invented	O
the	O
The	O
houses	O
in	O
the	O
Portuguese	O
villages	B-LOC
have	O
a	O
very	O

sea	O
-	O
beaten	O
,	O
flaxen	O
-	O
winged	O
chariot	O
of	O
the	O
sailor	O
.	O
Such	O
primitive	O
appearance	O
.	O
They	O
consist	O
in	O
general	O
of	O
the	O

inventions	O
,	O
wretch	O
as	O
I	O
am	O
,	O
I	O
have	O
devised	O
for	O
mor	O
-	O
ground	O
floor	O
only	O
.	O
The	O
walls	O
are	O
of	O
extreme	O
thickness	O
,	O

tals	O
;	O
and	O
now	O
I	O
have	O
none	O
left	O
by	O
which	O
I	O
may	O
escape	O
built	O
of	O
large	O
rough	O
stones	O
,	O
and	O
the	O
beams	O
and	O
frame	O
-	O

from	O
the	O
sorrows	O
that	O
I	O
suffer	O
.	O

work	O
of	O
the	O
roof	O
are	O
proportionally	O
massive	O
;	O
the	O
roof	O
is	O

covered	O
with	O
tiles	O
.	O
The	O
outer	O
walls	O
are	O
whitewashed	O
,	O
the	O

windows	O
are	O
not	O
glazed	O
,	O
and	O
the	O
shutters	O
,	O
which	O
close	O

THE	O
LABOURERS	O
OF	O
EUROPE	B-LOC
.	O
-	O
No	O
.	O
5	O
.	O

badly	O
,	O
are	O
not	O
painted	O
any	O
more	O
than	O
the	O
doors	O
.	O
The	O
low	O
-	O

The	O
Portuguese	B-LANGUAGE
labourers	O
and	O
peasants	O
differ	O
consider	O
-	O
ness	O
of	O
the	O
houses	O
,	O
and	O
their	O
dingy	O
colour	O
,	O
prevent	O
them	O

ably	O
in	O
their	O
appearance	O
and	O
manners	O
from	O
their	O
neigh	O
-	O
from	O
being	O
discernible	O
at	O
a	O
distance	O
from	O
among	O
the	O
sur	O
-	O

bours	O
of	O
Spain	B-GPE
,	O
and	O
especially	O
from	O
the	O
Castilians	B-NORP
.	O
They	O
rounding	O
trees	O
and	O
garden	O
walls	O
;	O
and	O
the	O
traveller	O
often	O

have	O
neither	O
the	O
pride	O
nor	O
the	O
sternness	O
of	O
the	O
latter	O
.	O
stumbles	O
,	O
as	O
it	O
were	O
,	O
upon	O
a	O
Portuguese	B-LOC
village	I-LOC
before	O
he	O

Their	O
bearing	O
is	O
less	O
solemn	O
,	O
their	O
language	O
less	O
senten	O
-	O
is	O
aware	O
of	O
being	O
near	O
one	O
.	O
The	O
interior	O
of	O
most	O
villages	B-LOC
,	O

tious	O
,	O
as	O
it	O
is	O
also	O
less	O
sonorous	O
in	O
its	O
sounds	O
.	O
Most	O
as	O
well	O
as	O
the	O
inside	O
of	O
the	O
houses	O
,	O
presents	O
a	O
scene	O
of	O
squa	O
-	O

travellers	O
who	O
have	O
visited	O
both	O
countries	O
,	O
prefer	O
the	O
lidness	O
and	O
filth	O
unequalled	O
perhaps	O
in	O
any	O
other	O
coun	O
-	O

Portuguese	O
peasant	O
:	O
be	O
is	O
more	O
sociable	O
,	O
manageable	O
,	O
try	O
of	O
Europe	B-LOC
,	O
Poland	B-GPE
excepted	O
.	O
The	O
contrast	O
on	O
the	O

and	O
good	O
-	O
humoured	O
than	O
the	O
Spanish	B-NORP
.	O
"	O
In	O
Portugal	B-GPE
,	O
"	O
frontiers	O
,	O
between	O
Spain	B-GPE
and	O
Portugal	B-GPE
,	O
is	O
decidedly	O
to	O

says	O
Costigan	B-PERSON
,	O
"	O
the	O
lower	O
you	O
descend	O
in	O
rank	O
,	O
the	O
the	O
advantage	O
of	O
the	O
foriner	O
.	O
As	O
you	O
pass	O
from	O
the	O

higher	O
the	O
personal	O
character	O
of	O
the	O
people	O
rises	O
upon	O
Portuguese	O
province	O
of	O
Beira	B-GPE
into	O
the	O
Spanish	O
province	B-LOC

you	O
.	O
The	O
higher	O
classes	O
are	O
as	O
inferior	O
to	O
the	O
Spanish	O
or	O
“	B-GPE
Kingdom	I-GPE
”	I-GPE
of	I-GPE
Leon	I-GPE
,	O
which	O
is	O
by	O
no	O
means	O
one	O
of	O

ones	O
,	O
as	O
the	O
common	O
people	O
excel	O
the	O
corresponding	O
class	O
the	O
most	O
favoured	O
divisions	O
of	O
Spain	B-GPE
,	O
the	O
villages	O
of	O
the	O

in	O
Spain	B-GPE
.	O
”	O
Mr	O
.	O
Link	O
says	O
,	O
“	O
The	O
civility	O
,	O
the	O
easy	O
,	O
gay	O
,	O
latter	O
,	O
only	O
a	O
few	O
miles	O
beyond	O
the	O
border	O
,	O
are	O
clean	O
,	O

and	O
friendly	O
manners	O
of	O
the	O
common	O
people	O
prepos	O
-	O
decent	O
,	O
and	O
comfortable	O
,	O
compared	O
to	O
those	O
of	O
their	O

sess	O
a	O
stranger	O
in	O
favour	O
of	O
the	O
Portuguese	B-NORP
rather	O
than	O
neighbours	O
.	O
There	O
is	O
also	O
a	O
glow	O
of	O
healthiness	O
and	O
a	O

the	O
Spaniards	B-NORP
,	O
but	O
it	O
is	O
quite	O
the	O
reverse	O
with	O
the	O
higher	O
manly	O
look	O
and	O
bearing	O
in	O
the	O
Spanish	O
villagers	O
,	O
very	O

orders	O
.	O
"	O
Notwithstanding	O
these	O
favourable	O
testimonies	O
,	O
superior	O
to	O
the	O
dejected	O
appearance	O
and	O
mean	O
attire	O
of	O

which	O
are	O
grounded	O
upon	O
casual	O
intercourse	O
,	O
we	O
think	O
,	O
the	O
others	O
.	O
There	O
are	O
,	O
however	O
,	O
districts	O
in	O
Portugal	B-GPE

upon	O
the	O
whole	O
,	O
the	O
national	O
character	O
stands	O
higher	O
in	O
which	O
form	O
an	O
exception	O
to	O
these	O
remarks	O
.	O
The	O
fine	O
pro	O
-	O

Spain	B-GPE
,	O
and	O
that	O
even	O
the	O
peasantry	O
of	O
the	O
latter	O
country	O
vince	O
of	O
Entre	B-GPE
Douro	I-GPE
e	I-GPE
Minho	I-GPE
,	O
with	O
its	O
numerous	O
towns	O

have	O
in	O
them	O
more	O
elements	O
of	O
a	O
great	O
and	O
independent	O
and	O
villages	B-LOC
,	O
five	B-CARDINAL
hundred	I-CARDINAL
parishes	B-LOC
,	O
and	O
a	O
population	O
of	O

people	O
than	O
the	O
Portuguese	B-NORP
.	O
The	O
latter	O
,	O
however	O
,	O
are	O
nearly	O
a	O
million	B-CARDINAL
of	O
inhabitants	O
,	O
although	O
the	O
smallest	O
in	O

certainly	O
very	O
patient	O
under	O
privations	O
,	O
generally	O
honest	O
,	O
extent	O
,	O
is	O
the	O
most	O
fertile	O
and	O
best	O
cultivated	O
in	O
the	O
king	O
-	O

attached	O
to	O
their	O
country	O
,	O
and	O
courageous	O
.	O

dom	O
,	O
and	O
that	O
in	O
which	O
the	O
inhabitants	O
appear	O
most	O
in	O
-	O

The	O
Portuguese	O
peasant	O
in	O
general	O
lives	O
very	O
poorly	O
.	O
dustrious	O
and	O
comfortable	O
.	O
This	O
is	O
the	O
great	O
country	O

His	O
bread	B-prod
is	O
made	O
of	O
milho	B-prod
or	O
Indian	B-prod
corn	I-prod
flour	I-prod
;	O
it	O
is	O
for	O
wine	B-prod
which	O
is	O
shipped	O
at	O
Oporto	B-GPE
.	O
The	O
neighbour	O
-	O

sweetish	O
to	O
the	O
taste	O
,	O
heavy	O
,	O
and	O
crumbles	O
to	O
pieces	O
on	O
hood	O
of	O
Lisbon	B-GPE
also	O
presents	O
some	O
fine	O
districts	O
,	O
as	O
well	O

breaking	O
it	O
.	O
Bacalhao	B-GPE
,	O
which	O
is	O
a	O
sort	O
of	O
salted	O
ling	O
or	O
as	O
the	O
valley	B-GPE
of	I-GPE
the	I-GPE
Mondego	I-GPE
above	O
Coimbra	B-GPE
.	O
There	O

stockfish	O
,	O
sardines	O
,	O
which	O
are	O
fished	O
in	O
great	O
quantities	O
you	O
meet	O
with	O
better	O
built	O
villages	B-LOC
,	O
and	O
some	O
pretty	O

off	O
the	O
coast	O
of	O
Portugal	B-GPE
,	O
garlic	O
,	O
onions	O
,	O
lupines	O
,	O
a	O
few	O
quintas	O
or	O
country	O
-	O
houses	O
.	O
But	O
a	O
great	O
part	O
of	O
the	O

olives	B-PRODUCT
,	O
—	O
these	O
form	O
his	O
common	O
food	O
.	O
Wheaten	O
bread	O
is	O
country	O
is	O
barren	O
,	O
rocky	O
,	O
or	O
uncultivated	O
;	O
the	O
fidalgos	O

an	O
article	O
of	O
luxury	O
;	O
meat	B-LOC
is	O
seldom	O
tasted	O
by	O
the	O
vil	O
-	O
or	O
great	O
landed	O
proprietors	O
reside	O
in	O
the	O
towns	O
,	O
and	O
leave	O

lagers	O

,	O
Portugal	B-GPE
,	O
with	O
the	O
exception	O
of	O
the	O
province	B-LOC
of	O
the	O
management	O
of	O
their	O
estates	O
to	O
ag	O
or	O
speculators	O

Alemtejo	O
,	O
produces	O
but	O
little	O
wheat	B-PRODUCT
and	O
barley	B-PRODUCT
,	O
less	O
rye	B-PRODUCT
,	O
who	O
have	O
advanced	O
them	O
money	O
on	O
the	O
rent	O
,	O
and	O
who	O

and	O
hardly	O
any	O
oats	B-PRODUCT
.	O
The	O
Indian	B-PRODUCT
corn	I-PRODUCT
is	O
usually	O
sown	O
oppress	O
the	O
tenants	O
.	O
The	O
crown	O
lands	O
are	O
in	O
a	O
state	O
of	O

in	O
March	B-DATE
and	O
April	B-DATE
.	O
When	O
the	O
sprout	O
is	O
about	O
an	O
inch	O
neglect	O
;	O
the	O
convent	O
lands	O
are	O
better	O
cultivated	O
.	O
The	O

high	O
,	O
the	O
earth	O
round	O
it	O
is	O
inoved	O
with	O
a	O
hoe	O
in	O
order	O
fariners	O
are	O
poor	O
and	O
cannot	O
afford	O
to	O
make	O
improve	O

that	O
the	O
root	O
may	O
spread	O
and	O
acquire	O
vigour	O
,	O
Its	O
growth	O
*	O
Portugal	B-GPE
illustrated	O
in	O
a	O
Series	O
of	O
Letters	O
.	O
-	O
London	B-GPE
,	O
1828	B-DATE
.	O

2	O

2	O

Is	O

1	O
,	O

S	O

9	O

1	O

B	O
2	O

#	O
#	O
p	O
.	O
4	O
(	O
#	O
14	O
)	O
#	O
#	O
#	O
#	O
#	O
#	O
#	O
#	O
#	O
#	O
#	O
#	O
#	O
#	O
#	O
#	O
#	O
#	O
#	O
#	O
#	O
#	O
#	O
#	O
#	O
#	O
#	O
#	O
#	O
#	O
#	O
#	O
#	O
#	O
#	O
#	O
#	O
#	O
#	O
#	O
#	O
#	O
#	O
#	O
#	O
#	O
#	O

TIE	O
PENNY	O
MAGAZINE	O

[	O
JANUARY	B-DATE
5	I-DATE
,	O

THE	B-WORK_OF_ART
ELGIN	I-WORK_OF_ART
MARBLES	I-WORK_OF_ART
.	I-WORK_OF_ART

ments	O
.	O
They	O
consult	O
the	O
aimanac	O
for	O
directions	O
in	O
and	O
the	O
compositions	O
are	O
occasionally	O
varied	O
by	O
the	O
intro	O
-	O

their	O
rural	O
labours	O
,	O
and	O
sow	O
the	O
same	O
sort	O
of	O
seed	O
year	O
duction	O
of	O
female	O
figures	O
whom	O
the	O
Centaurs	O
are	O
endea	O
-	O

after	O
year	O
on	O
the	O
same	O
field	B-FAC
as	O
their	O
fathers	O
did	O
before	O
vouring	O
to	O
bear	O
away	O
.	O
These	O
alto	O
-	O
relievos	O
are	O
executed	O

them	O
.	O
The	O
plough	O
and	O
harrow	O
are	O
very	O
heavy	O
,	O
and	O
with	O
great	O
boldness	O
and	O
vigour	O
.	O
We	O
have	O
selected	O
two	O

drawn	O
by	O
bullocks	O
.	O
The	O
Portuguese	O
carts	O
are	O
remark	O
-	O
from	O
the	O
series	O
,	O
which	O
are	O
numbered	O
from	O
1	B-CARDINAL
to	I-CARDINAL
16	I-CARDINAL
.	O

able	O
for	O
their	O
clumsiness	O
.	O
The	O
wheels	O
are	O
of	O
a	O
solid	O
There	O
is	O
no	O
portion	O
of	O
the	O
Elgin	B-WORK_OF_ART
Marbles	I-WORK_OF_ART
by	O
which	O

piece	O
about	O
three	B-QUANTITY
feet	I-QUANTITY
in	I-QUANTITY
diameter	I-QUANTITY
,	O
and	O
are	O
fixed	O
to	O
the	O
our	O
attention	O
is	O
more	O
strongly	O
arrested	O
,	O
or	O
which	O
more	O

axletree	O
which	O
moves	O
round	O
with	O
them	O
,	O
producing	O
a	O
strikingly	O
evinces	O
the	O
high	O
excellence	O
which	O
art	O
had	O
at	O
-	O

grating	O
noise	O
peculiarly	O
offensive	O
to	O
the	O
ear	O
.	O
The	O
car	O
-	O
tained	O
at	O
the	O
epoch	O
in	O
which	O
they	O
were	O
executed	O
,	O
than	O

man	O
walks	O
by	O
the	O
side	O
of	O
the	O
bullocks	O
,	O
pricking	O
them	O
with	O
the	O
sculptures	B-PRODUCT
which	O
compose	O
the	O
exterior	O
frieze	O
of	O
the	O

his	O
goad	O
to	O
urge	O
them	O
on	O
.	O
In	O
this	O
manner	O
the	O
pon	O
-	O
Cella	O
of	O
the	O
Parthenon	B-WORK_OF_ART
.	O
This	O
series	O
was	O
continued	O
in	O
an	O

derous	O
machine	O
rolls	O
heavily	O
forward	O
,	O
jolting	O
dreadfully	O
on	O
uninterrupted	O
succession	O
entirely	O
round	O
the	O
temple	B-LOC
.	O
It	O

the	O
wretched	O
roads	B-FAC
which	O
are	O
impassable	O
for	O
any	O
other	O
sort	O
is	O
in	O
very	O
low	O
relief	O
,	O
and	O
represents	O
the	O
sacred	O
proces	O
-	O

of	O
vehicle	O
.	O
The	O
wounded	O
soldiers	O
during	O
the	O
late	O
war	O
,	O
sion	O
which	O
took	O
place	O
at	O
the	O
great	O
Panathenæa	B-WORK_OF_ART
,	O
a	O
fes	O
-	O

who	O
were	O
conveyed	O
away	O
in	O
these	O
carts	O
after	O
an	O
action	O
,	O
tival	O
which	O
was	O
celebrated	O
every	O
fifth	O
year	O
,	O
at	O
Athens	B-GPE
,	O
in	O

sorely	O
felt	O
the	O
misery	O
of	O
this	O
mode	O
of	O
conveyance	O
.	O
In	O
the	O
honour	O
of	O
Minerva	B-PERSON
,	O
the	O
patroness	O
of	O
the	O
city	B-LOC
.	O
Those	O

wine	O
districts	O
of	O
the	O
Douro	O
it	O
requires	O
a	O
whole	O
day	O
for	O
two	O
sculptures	B-PRODUCT
which	O
occupied	O
the	O
principal	O
front	O
of	O
the	O

bullocks	O
to	O
drag	O
a	O
pipe	O
of	O
wine	B-PRODUCT
six	B-CARDINAL
or	I-CARDINAL
seven	I-CARDINAL
miles	O
,	O
and	O
temple	B-FAC
,	O
namely	O
,	O
the	O
east	O
,	O
commence	O
on	O
the	O
left	O
hand	O
of	O

two	O
men	O
to	O
preven	O
:	O
the	O
cart	O
from	O
being	O
overturned	O
.	O
the	O
visitor	O
as	O
he	O
enters	O
the	O
room	O
of	O
the	O
Museum	B-FAC
,	O
then	O

Donkeys	O
and	O
mules	O
,	O
but	O
chiefly	O
the	O
former	O
,	O
constitute	O
the	O
follow	O
those	O
of	O
the	O
north	B-LOC
,	O
and	O
lastly	O
,	O
those	O
of	O
the	O
west	B-LOC

other	O
means	O
of	O
conveyance	O
.	O
The	O
donkeys	O
are	O
fine	O
and	O
and	O
south	B-LOC
.	O
The	O
arrangement	O
has	O
been	O
made	O
,	O
as	O
nearly	O

strong	O
,	O
and	O
extremely	O
useful	O
to	O
the	O
country	O
people	O
.	O
The	O
as	O
could	O
be	O
ascertained	O
,	O
according	O
to	O
the	O
original	O
order	O

gentry	O
travel	O
in	O
liteiras	O
,	O
a	O
sort	O
of	O
sedan	O
chairs	O
carried	O
in	O
which	O
they	O
stood	O
in	O
the	O
Parthenon	B-WORK_OF_ART
.	O

by	O
two	O
horses	O
or	O
mules	O
.	O

In	O
that	O
portion	O
of	O
the	O
frieze	O
which	O
ornamented	O
the	O

The	O
Portuguese	O
peasant	O
always	O
goes	O
armed	O
with	O
his	O
east	O
end	O
of	O
the	O
temple	O
are	O
representations	B-PRODUCT
of	O
divinities	O
,	O

cajado	O
,	O
a	O
staff	O
about	O
seven	O
feet	O
long	O
,	O
having	O
a	O
heavy	O
knob	O
and	O
deified	O
heroes	O
:	O
Castor	B-PERSON
and	O
Pollux	B-PERSON
,	O
Ceres	B-PERSON
and	O
Trip	O
-	O

or	O
leaden	O
charge	O
at	O
one	O
end	O
,	O
which	O
he	O
uses	O
with	O
great	O
tolemus	O
,	O
Jupiter	B-PERSON
and	O
Juno	B-PERSON
,	O
and	O
Æsculapius	B-PERSON
and	O
Hygeia	B-PERSON
.	O

dexterity	O
.	O
It	O
is	O
,	O
in	O
truth	O
,	O
a	O
formidable	O
weapon	O
in	O
his	O
hands	O
.	O
On	O
the	O
right	O
and	O
left	O
of	O
these	O
sacred	O
characters	O
are	O
trains	O

The	O
capote	O
or	O
cloak	O
is	O
of	O
universal	O
use	O
as	O
in	O
Spain	B-GPE
.	O

of	O
females	O
bearing	O
offerings	O
to	O
the	O
gods	O
.	O
At	O
intervals	O
,	O

The	O
population	O
of	O
Portugal	B-GPE
is	O
stated	O
by	O
Balbi	B-PERSON
at	O
three	O
officers	O
appear	O
whose	O
duty	O
it	O
was	O
to	O
superintend	O
and	O

millions	O
and	O
a	O
half	O
,	O
of	O
which	O
Lisbon	B-GPE
and	O
its	O
comarca	O
or	O
regulate	O
the	O
solemnity	O
,	O
(	O
No	O
.	O
23	O
)	O
.	O
These	O
females	O
led	O

surrounding	O
territory	B-LOC
contain	O
above	O
half	B-CARDINAL
a	I-CARDINAL
million	I-CARDINAL
.	O
the	O
procession	O
,	O
both	O
on	O
the	O
north	O
and	O
south	O
side	O
of	O
the	O

temple	O
,	O
and	O
were	O
followed	O
by	O
the	O
charioteers	O
,	O
horsemen	O
,	O

victims	O
,	O
&	O
c	O
.	O
,	O
which	O
formed	O
a	O
procession	O
up	O
to	O
the	O
same	O

BRITISH	B-FAC
MUSEUM	I-FAC
.	O
-	O
No	O
.	O
9	O
.	O

point	O
in	O
two	O
separate	O
columns	O
.	O

The	O
subjects	O
comprised	O
in	O
the	O
frieze	O
taken	O
from	O
the	O

The	O
statues	B-WORK_OF_ART
of	I-WORK_OF_ART
Theseus	I-WORK_OF_ART
and	O
the	O
Ilissus	O
given	O
in	O
our	O
north	O
side	O
of	O
the	O
temple	B-FAC
are	O
chiefly	O
composed	O
of	O
cha	O
-	O

last	O
article	O
on	O
the	O
Elgin	B-WORK_OF_ART
Marbles	I-WORK_OF_ART
,	O
although	O
much	O
dilapi	O
-	O
rioteers	O
and	O
horsemen	O
.	O
Some	O
among	O
these	O
are	O
consi	O
-	O

dated	O
,	O
have	O
suffered	O
less	O
than	O
most	O
of	O
the	O
other	O
figures	O
dered	O
pre	O
-	O
eminently	O
excellent	O
.	O
The	O
two	O
groups	O
(	O
Nos	O
.	O

which	O
ornamented	O
the	O
pediments	O
of	O
the	O
Parthenon	B-WORK_OF_ART
.	O
The	O
39	B-CARDINAL
and	O
42	B-CARDINAL
)	O
,	O
given	O
in	O
the	O
wood	O
-	O
cut	O
,	O
will	O
afford	O
a	O
general	O

subjects	O
of	O
these	O
sculptures	B-PRODUCT
were	O
,	O
the	O
Birth	O
of	O
Minerva	B-PERSON
,	O
idea	O
of	O
the	O
style	O
and	O
arrangement	O
of	O
these	O
figures	O
.	O

on	O
the	O
eastern	O
pediment	O
;	O
and	O
on	O
the	O
western	O
,	O
the	O
Contest	O
|	O
Those	O
from	O
the	O
western	O
frieze	O
appear	O
to	O
be	O
rather	O
pre	O
-	O

between	O
Minerva	B-PERSON
and	O
Neptune	B-PERSON
for	O
the	O
honour	O
of	O
giving	O
paring	O
for	O
the	O
procession	O
than	O
engaged	O
in	O
it	O
;	O
and	O
the	O

birth	O
to	O
the	O
city	O
of	O
Athens	B-GPE
.	O
The	O
whole	O
arrangement	O
of	O
subjects	O
on	O
the	O
southern	O
side	O
are	O
diversified	O
by	O
the	O
intro	O
-	O

those	O
groups	O
may	O
be	O
seen	O
in	O
Stuart	B-PERSON
's	O
celebrated	O
work	O
duction	O
of	O
victims	O
,	O
chiefly	O
oxen	O
,	O
which	O
are	O
led	O
on	O
for	O

on	O
Athens	B-GPE
.	O
The	O
figures	O
which	O
are	O
in	O
the	O
best	O
preserva	O
-	O
the	O
purpose	O
of	O
sacrifice	O
.	O

tion	O
,	O
after	O
the	O
two	O
above	O
-	O
mentioned	O
,	O
are	O
those	O
of	O
the	O
two	O
These	O
fine	O
performances	O
have	O
suffered	O
so	O
much	O
from	O

goddesses	O
(	O
No	O
.	O
94	O
)	O
,	O
probably	O
Ceres	B-PERSON
and	O
her	O
daughter	O
time	O
and	O
violence	O
,	O
that	O
the	O
visitor	O
may	O
not	O
perhaps	O
at	O

Proserpine	B-PERSON
,	O
and	O
a	O
group	O
(	O
No	O
.	O
97	O
)	O
of	O
the	O
three	O
Fates	O
.	O
a	O
first	O
view	O
be	O
struck	O
with	O
their	O
extraordinary	O
excel	O
-	O

This	O
last	O
is	O
placed	O
immediately	O
opposite	O
the	O
door	O
of	O
the	O
lence	O
;	O
but	O
we	O
are	O
certain	O
that	O
no	O
one	O
possessing	O
a	O

new	O
apartment	O
in	O
the	O
Museum	B-FAC
which	O
is	O
appropriated	O
to	O
tolerable	O
natural	O
taste	O
will	O
repeat	O
his	O
inspection	O
of	O
them	O

those	O
works	O
;	O
and	O
the	O
length	O
of	O
the	O
passage	O
which	O
leads	O
frequently	O
,	O
without	O
becoming	O
sensible	O
of	O
their	O
beauties	O
.	O

to	O
it	O
affords	O
an	O
opportunity	O
of	O
viewing	O
this	O
group	O
at	O
a	O
For	O
the	O
due	O
appreciation	O
of	O
those	O
works	O
,	O
no	O
technical	O

distance	O
,	O
sufficient	O
to	O
perceive	O
and	O
appreciate	O
its	O
entire	O
acquaintance	O
with	O
art	O
is	O
necessary	O
:	O
they	O
are	O
executed	O
in	O

effect	O
.	O
When	O
seen	O
near	O
at	O
hand	O
,	O
there	O
appears	O
,	O
in	O
these	O
that	O
style	O
of	O
consummate	O
mastery	O
which	O
discards	O
the	O

figures	O
particularly	O
,	O
to	O
be	O
something	O
small	O
and	O
wiry	O
in	O
parade	O
of	O
recondite	O
knowledge	O
,	O
and	O
addresses	O
itself	O
to	O
the	O

the	O
execution	O
of	O
the	O
draperies	O
,	O
differing	O
essentially	O
from	O
spectator	O
in	O
the	O
broad	O
and	O
general	O
language	O
of	O
nature	O
.	O

the	O
general	O
breadth	O
and	O
largeness	O
of	O
style	O
which	O
cha	O
-	O
It	O
is	O
not	O
only	O
in	O
the	O
human	O
figure	O
that	O
the	O
profound	O
skill	O

racterizes	O
the	O
Elgin	B-WORK_OF_ART
Marbles	I-WORK_OF_ART
.	O
But	O
the	O
sculptor	O
's	O
inten	O
-	O
of	O
these	O
works	O
is	O
evinced	O
.	O
When	O
we	O
look	O
at	O
the	O
horses	O

tion	O
becomes	O
apparent	O
when	O
the	O
group	O
is	O
seen	O
in	O
its	O
in	O
the	O
frieze	O
,	O
we	O
are	O
almost	O
tempted	O
to	O
think	O
that	O
beau	O
-	O

present	O
situation	O
;	O
the	O
figures	B-PRODUCT
form	O
into	O
the	O
finest	O
masses	O
,	O
tiful	O
animal	O
has	O
never	O
elsewhere	O
been	O
adequately	O
repre	O
-	O

and	O
the	O
sharp	O
and	O
multiplied	O
lines	O
give	O
an	O
air	O
of	O
light	O
-	O
sented	O
,	O
either	O
in	O
sculpture	B-PRODUCT
or	O
in	O
the	O
more	O
tractable	O
ma	O
-	O

ness	O
and	O
delicacy	O
proper	O
to	O
female	O
drapery	O
.	O

terial	O
of	O
painting	O
.	O
Even	O
the	O
horses	O
of	O
Rubens	B-PERSON
,	O
admi	O
-	O

Our	O
attention	O
is	O
next	O
engaged	O
by	O
the	O
Metopes	O
,	O
a	O
series	O
rable	O
as	O
they	O
are	O
,	O
are	O
individual	O
;	O
but	O
those	O
of	O
the	O
Elgin	O

of	O
figures	O
in	O
very	O
high	O
relief	O
,	O
which	O
,	O
alternately	O
with	O
the	O
Marbles	O
exhibit	O
throughout	O
the	O
generic	O
character	O
of	O
the	O

triglyphs	O
,	O
ornamented	O
the	O
frieze	O
of	O
the	O
entablature	O
sur	O
-	O
animal	O
:	O
and	O
it	O
is	O
impossible	O
to	O
look	O
on	O
the	O
succession	O

mounting	O
the	O
colonnade	O
of	O
the	O
Parthenon	B-WORK_OF_ART
;	O
the	O
subjects	O
are	O
of	O
groups	O
here	O
represented	O
,	O
in	O
every	O
variety	O
of	O
action	O
,	O

the	O
same	O
throughout	O
:	O
the	O
contests	O
of	O
the	O
Centaurs	O
and	O
without	O
feeling	O
animated	O
and	O
exhilarated	O
as	O
if	O
the	O
pro	O
-	O

Lapithæ	O
,	O
or	O
rather	O
between	O
the	O
Centaurs	O
and	O
Athenians	B-NORP
,	O
cession	O
were	O
really	O
passing	O
before	O
us	O
.	O
The	O
most	O
casual	O

who	O
,	O
under	O
Theseus	B-PERSON
,	O
became	O
the	O
allies	O
of	O
the	O
Lapithæ	B-NORP
.	O
observer	O
must	O
be	O
struck	O
with	O
the	O
grace	O
and	O
elegance	O
of	O

These	O
groups	O
exhibit	O
great	O
spirit	O
and	O
variety	O
of	O
action	O
;	O
the	O
riders	O
,	O
who	O
seem	O
formed	O
indeed	O
"	O
to	O
witch	O
the	O
world	O

their	O
fine	O
contours	O
,	O
however	O
,	O
are	O
never	O
disfigured	O
by	O
vio	O
-	O
with	O
noble	O
horsemanship	O
.	O
”	O
The	O
fire	O
and	O
vivacity	O
of	O
those	O

Jeut	O
aud	O
estravagant	O
contortions	O
.	O
Victory	O
seems	O
doubtful	O
:	O
figures	O
are	O
finely	O
contrasted	O
with	O
the	O
devout	O
and	O
reveren	O
-	O

here	O
an	O
Athenian	O
,	O
and	O
there	O
a	O
Centaar	O
seems	O
to	O
triumph	O
;	O
tiul	O
air	O
of	O
the	O
females	O
who	O
lead	O
the	O
procession	O
.	O

