#	O
#	O
p	O
.	O
1	O
(	O
#	O
17	O
)	O
#	O
#	O
#	O
#	O
#	O
#	O
#	O
#	O
#	O
#	O
#	O
#	O
#	O
#	O
#	O
#	O
#	O
#	O
#	O
#	O
#	O
#	O
#	O
#	O
#	O
#	O
#	O
#	O
#	O
#	O
#	O
#	O
#	O
#	O
#	O
#	O
#	O
#	O
#	O
#	O
#	O
#	O
#	O
#	O
#	O
#	O
#	O

EDINBURGIT	O

CHAMBERS	O

UE	O

JO	O

CONDUCTED	O
BY	O
WILLIAM	O
AND	O
ROBERT	O
CHAMBERS	O
,	O
EDITORS	O
OF	O
"	O
CHAMBERS	O
’	O
S	O
INFORMATION	O
FOR	O
THE	O
PEOPLE	O
,	O
"	O

“	O
CHAMBERS	O
'S	O
EDUCATIONAL	O
COURSE	O
,	O
”	O
&	O
c	O
.	O

PRINTED	O
BY	O
BRADBURY	O
AND	O
EVANS	O
,	O
WHITEFRIARS	O
,	O
LONDON	O
.	O

NUMBER	O
365	O
.	O

SATURDAY	O
,	O
JANUARY	O
26	O
,	O
1839	O
.	O

PRICE	O
THREE	O
HALFPENSE	O
.	O

WHAT	O
ENGLISH	O
LITERATURE	O
GIVES	O
US	O
.	O
loads	O
of	O
meat	O
,	O
for	O
that	O
was	O
“	O
country	O
all	O
over	O
.	O
”	O
Surely	O
,	O
but	O
we	O
can	O
readily	O
suppose	O
that	O
it	O
must	O
have	O
been	O

ENGLISH	O
literature	O
gives	O
all	O
who	O
can	O
enjoy	O
it	O
a	O
fund	O
in	O
the	O
recollection	O
of	O
such	O
things	O
we	O
have	O
something	O
essentially	O
different	O
.	O
The	O
first	O
reading	O
of	O
Crusoe	O
is	O

of	O
pleasure	O
,	O
of	O
the	O
great	O
amount	O
of	O
which	O
we	O
are	O
not	O
still	O
better	O
than	O
solid	O
philosophy	O
.	O
Going	O
back	O
a	O
little	O
now	O
a	O
feature	O
in	O
every	O
man	O
’	O
s	O
biography	O
.	O
Gulliver	O
is	O

apt	O
to	O
be	O
quite	O
aware	O
till	O
we	O
run	O
over	O
a	O
few	O
of	O
farther	O
,	O
how	O
does	O
the	O
heart	O
leap	O
up	O
when	O
we	O
recollect	O
not	O
so	O
indispensable	O
,	O
but	O
yet	O
the	O
having	O
him	O
is	O
much	O

the	O
items	O
.	O
There	O
are	O
the	O
Waverley	O
Novels	O
—	O
in	O
di	O
-	O
the	O
many	O
admirable	O
things	O
of	O
Fielding	O
and	O
Smollett	O
.	O
to	O
be	O
rejoiced	O
in	O
.	O
Was	O
ever	O
such	O
an	O
air	O
of	O
reality	O

rect	O
contemplation	O
,	O
only	O
the	O
talk	O
of	O
an	O
old	O
-	O
fashioned	O
Parson	O
Adams	O
himself	O
gilds	O
the	O
whole	O
time	O
.	O
What	O
given	O
to	O
the	O
totally	O
extra	O
-	O
natural	O
!	O
This	O
is	O
so	O
perfect	O

Scotch	O
gentleman	O
,	O
who	O
died	O
a	O
few	O
years	O
ago	O
—	O
or	O
,	O
in	O
simplicity	O
,	O
what	O
true	O
goodness	O
!	O
—	O
verily	O
,	O
the	O
world	O
's	O
in	O
its	O
way	O
,	O
that	O
,	O
once	O
get	O
over	O
the	O
difficulty	O
as	O
to	O

a	O
still	O
more	O
gross	O
consideration	O
,	O
but	O
a	O
few	O
masses	O
history	O
gives	O
us	O
few	O
characters	O
equal	O
to	O
him	O
—	O
and	O
yet	O
the	O
smallness	O
of	O
the	O
Lilliputians	O
and	O
the	O
bigness	O
of	O

of	O
printed	O
paper	O
.	O
Yet	O
,	O
in	O
effect	O
,	O
what	O
are	O
they	O
!	O
To	O
we	O
feel	O
that	O
he	O
is	O
natural	O
.	O
Poor	O
and	O
ragged	O
is	O
this	O
the	O
Brobdignagians	O
,	O
and	O
every	O
thing	O
else	O
appears	O
as	O

how	O
many	O
thousands	O
upon	O
thousands	O
has	O
life	O
been	O
sturdy	O
son	O
of	O
primitive	O
unvarnished	O
honesty	O
,	O
and	O
he	O
just	O
what	O
was	O
to	O
be	O
expected	O
.	O
In	O
Lilliput	O
,	O
the	O
rations	O

made	O
less	O
painful	O
or	O
more	O
delightful	O
by	O
these	O
charm	O
-	O
never	O
ceases	O
to	O
be	O
a	O
subject	O
of	O
merriment	O
to	O
the	O
reader	O
dispensed	O
to	O
the	O
colossal	O
stranger	O
are	O
as	O
much	O
as	O
1728	O

ing	O
tales	O
!	O
The	O
world	O
would	O
have	O
gone	O
on	O
without	O
-	O
yet	O
how	O
wonderful	O
the	O
effect	O
of	O
genuine	O
virtue	O
,	O
he	O
ordinary	O
men	O
of	O
the	O
country	O
could	O
eat	O
.	O
Now	O
,	O
this	O
is	O

them	O
,	O
no	O
doubt	O
,	O
but	O
it	O
would	O
not	O
have	O
gone	O
on	O
so	O
never	O
ceases	O
to	O
be	O
respectable	O
,	O
even	O
when	O
chased	O
by	O
mathematically	O
what	O
it	O
ought	O
to	O
be	O
,	O
to	O
be	O
in	O
keeping	O

agreeably	O
.	O
There	O
would	O
have	O
been	O
an	O
infinite	O
deal	O
the	O
squire	O
's	O
dogs	O
,	O
Thunder	O
,	O
Wonder	O
,	O
Plunder	O
,	O
and	O
with	O
his	O
comparative	O
size	O
,	O
for	O
,	O
the	O
Lulliputians	O
mea	O
-	O

less	O
happiness	O
in	O
it	O
during	O
the	O
last	O
twenty	O
-	O
five	O
years	O
,	O
Blunder	O
,	O
or	O
soused	O
by	O
the	O
waggish	O
doctor	O
in	O
the	O
tub	O
.	O
suring	O
only	O
inches	O
for	O
feet	O
with	O
Mr	O
Gulliver	O
,	O
we	O
must	O
,	O

if	O
they	O
had	O
not	O
been	O
written	O
.	O
How	O
much	O
has	O
been	O
in	O
the	O
same	O
book	O
,	O
how	O
are	O
we	O
taught	O
to	O
relent	O
in	O
all	O
in	O
order	O
to	O
find	O
his	O
size	O
as	O
compared	O
to	O
theirs	O
,	O
take	O
the	O

done	O
for	O
our	O
enjoyment	O
even	O
by	O
one	O
or	O
two	O
of	O
the	O
our	O
stern	O
conventionalities	O
,	O
when	O
the	O
robbed	O
,	O
wounded	O
,	O
square	O
of	O
12	O
,	O
which	O
,	O
being	O
cubed	O
,	O
gives	O
exactly	O
1728	O
.	O

characters	O
-	O
Caleb	O
Balderstone	O
,	O
for	O
instance	O
,	O
or	O
Dugald	O
and	O
naked	O
Andrews	O
being	O
refused	O
succour	O
by	O
the	O
whole	O
This	O
may	O
give	O
some	O
idea	O
of	O
the	O
care	O
which	O
Swift	O
must	O

Dalgetty	O
,	O
or	O
Dominie	O
Sampson	O
.	O
These	O
are	O
ideal	O
beings	O
,	O
of	O
the	O
inmates	O
of	O
the	O
stage	O
-	O
coach	O
,	O
we	O
are	O
told	O
that	O
“	O
he	O
have	O
taken	O
to	O
preserve	O
all	O
proper	O
analogies	O
between	O

but	O
do	O
we	O
not	O
feel	O
positively	O
richer	O
by	O
knowing	O
them	O
must	O
have	O
perished	O
,	O
unless	O
the	O
postilion	O
(	O
a	O
lad	O
who	O
has	O
his	O
hero	O
and	O
the	O
novel	O
beings	O
amongst	O
whom	O
he	O
so	O
-	O

-	O
by	O
having	O
it	O
in	O
our	O
power	O
at	O
any	O
time	O
to	O
call	O
them	O
since	O
been	O
transported	O
for	O
robbing	O
à	O
hen	O
-	O
roost	O
)	O
had	O
journed	O
.	O
It	O
reminds	O
us	O
of	O
Scott	O
's	O
riding	O
from	O
Stirling	O

up	O
before	O
our	O
minds	O
,	O
and	O
inwardly	O
smile	O
at	O
what	O
is	O
voluntarily	O
stript	O
off	O
a	O
great	O
-	O
coat	O
,	O
his	O
only	O
garment	O
,	O
at	O
to	O
Loch	O
Katrine	O
at	O
a	O
stretch	O
,	O
to	O
make	O
sure	O
that	O
he	O

ludicrous	O
about	O
them	O
?	O
In	O
like	O
manner	O
,	O
is	O
it	O
not	O
a	O
the	O
same	O
time	O
swearing	O
a	O
great	O
oath	O
(	O
for	O
which	O
he	O
was	O

would	O
be	O
within	O
the	O
bounds	O
of	O
the	O
probable	O
in	O
repre	O
-	O

luxurious	O
sympathy	O
which	O
we	O
feel	O
respecting	O
the	O
for	O
-	O
rebuked	O
by	O
the	O
passengers	O
)	O
,	O
“	O
That	O
he	O
would	O
rather	O
senting	O
Fitzjames	O
as	O
doing	O
so	O
.	O
Laputa	O
and	O
the	O

tunes	O
of	O
Rarenswood	O
,	O
all	O
imaginary	O
as	O
he	O
is	O
.	O
These	O
ride	O
in	O
his	O
shirt	O
all	O
his	O
life	O
,	O
than	O
suffer	O
a	O
fellow	O
-	O
crea	O
-	O
|	O
Houynhymms	O
are	O
not	O
boys	O
'	O
books	O
;	O
they	O
are	O
satires	O

beings	O
take	O
their	O
place	O
among	O
our	O
acquaintance	O
,	O
and	O
ture	O
to	O
lie	O
in	O
so	O
miserable	O
a	O
condition	O
.	O
The	O
humours	O
for	O
men	O
,	O
or	O
rather	O
outlets	O
for	O
the	O
spleen	O
of	O
the	O
unfor	O
-	O

the	O
most	O
delightful	O
of	O
all	O
acquaintance	O
they	O
are	O
.	O
We	O
of	O
Partridge	O
—	O
what	O
more	O
is	O
needed	O
than	O
to	O
allude	O
to	O
tunately	O
constituted	O
author	O
.	O
Boys	O
do	O
not	O
understand	O

have	O
only	O
to	O
take	O
up	O
a	O
book	O
,	O
and	O
lo	O
we	O
mingle	O
at	O
once	O
them	O
?	O
The	O
same	O
of	O
Strap	O
,	O
that	O
most	O
original	O
of	O
them	O
,	O
and	O
consequently	O
do	O
not	O
care	O
for	O
them	O
.	O
But	O

in	O
their	O
society	O
,	O
as	O
if	O
unconsciously	O
carried	O
into	O
it	O
humble	O
dependents	O
and	O
faithful	O
followers	O
.	O
Morgan	O
,	O
what	O
a	O
fund	O
of	O
entertainment	O
there	O
is	O
for	O
us	O
in	O
the	O
two	O

through	O
the	O
air	O
.	O
Such	O
books	O
are	O
as	O
show	O
-	O
holes	O
in	O
the	O
too	O
,	O
who	O
,	O
when	O
expelled	O
from	O
the	O
presence	O
of	O
the	O
other	O
sections	O
!	O
The	O
affair	O
at	O
the	O
conflagration	O
of	O
the	O

walls	O
of	O
this	O
common	O
world	O
,	O
through	O
which	O
to	O
look	O
exquisite	O
sea	O
captain	O
for	O
his	O
redolence	O
of	O
tobacco	O
,	O
sat	O
palace	O
is	O
perhaps	O
the	O
very	O
drollest	O
thingin	O
all	O
factor	O
fiction	O
.	O

into	O
one	O
full	O
of	O
the	O
gay	O
,	O
the	O
romantic	O
,	O
and	O
the	O
beautiful	O
.	O
down	O
and	O
only	O
whistled	O
a	O
Welsh	O
ditty	O
.	O
This	O
book	O
is	O
The	O
Arabian	O
Nights	O
'	O
Entertainments	O
are	O
not	O
ours	O

The	O
blind	O
may	O
be	O
slipped	O
aside	O
,	O
and	O
our	O
eye	O
applied	O
,	O
not	O
perfect	O
,	O
certainly	O
;	O
but	O
yet	O
who	O
would	O
give	O
it	O
for	O
by	O
birth	O
,	O
but	O
they	O
have	O
nevertheless	O
taken	O
their	O
place	O

in	O
the	O
smokiest	O
of	O
cottages	O
,	O
as	O
in	O
the	O
most	O
gorgeous	O
many	O
that	O
are	O
,	O
or	O
pretend	O
to	O
be	O
so	O
?	O
Then	O
the	O
dinner	O
amongst	O
the	O
similar	O
things	O
of	O
our	O
own	O
which	O
consti	O
-	O

of	O
palaces	O
,	O
and	O
the	O
fairy	O
scene	O
will	O
be	O
the	O
same	O
in	O
each	O
after	O
the	O
manner	O
of	O
the	O
ancients	O
.	O
The	O
French	O
cook	O
tute	O
the	O
national	O
literary	O
inheritance	O
.	O
They	O
bring	O
us	O

case	O
.	O
And	O
we	O
command	O
the	O
show	O
at	O
any	O
time	O
.	O
It	O
sinking	O
on	O
his	O
knees	O
,	O
while	O
his	O
master	O
's	O
sword	O
is	O
at	O
his	O
into	O
a	O
considerably	O
different	O
world	O
from	O
any	O
other	O
we	O

will	O
lull	O
us	O
after	O
the	O
excitement	O
and	O
fatigues	O
of	O
labour	O
,	O
throat	O
,	O
and	O
exclaiming	O
in	O
piteous	O
accents	O
,	O
“	O
Spare	O
me	O
are	O
acquainted	O
with	O
.	O
The	O
caliph	O
,	O
the	O
cadi	O
,	O
the	O
Mahom	O
-	O

and	O
it	O
will	O
beguile	O
us	O
of	O
the	O
languor	O
of	O
monotonous	O
the	O
mortification	O
of	O
the	O
honey	O
and	O
oil	O
!	O
”	O
The	O
“	O
inde	O
-	O
medan	O
faith	O
,	O
genies	O
,	O
enchanters	O
,	O
are	O
the	O
prominent	O

retirement	O
and	O
solitude	O
.	O
We	O
may	O
be	O
sad	O
or	O
joyous	O
,	O
cent	O
phenomenon	O
”	O
of	O
Pallet	O
sitting	O
transfixed	O
by	O
the	O
novelties	O
they	O
display	O
to	O
us	O
.	O
There	O
is	O
a	O
fine	O
want	O
of	O

eager	O
and	O
full	O
of	O
hope	O
,	O
or	O
mistrustful	O
of	O
all	O
the	O
good	O
atrocious	O
taste	O
of	O
the	O
soup	O
into	O
the	O
attitude	O
of	O
a	O
leaden	O
precise	O
outline	O
about	O
every	O
thing	O
in	O
the	O
book	O
.	O
We	O

things	O
of	O
life	O
;	O
but	O
our	O
accidental	O
mood	O
is	O
of	O
no	O
con	O
-	O
river	O
god	O
,	O
with	O
the	O
liquor	O
flowing	O
out	O
of	O
both	O
sides	O
of	O
see	O
as	O
through	O
some	O
prismatically	O
disturbing	O
medium	O
.	O

sequence	O
when	O
we	O
have	O
once	O
fixed	O
ourselves	O
at	O
the	O
his	O
mouth	O
.	O
The	O
pie	O
of	O
dormice	O
liquored	O
with	O
syrup	O
What	O
a	O
dreamy	O
romantic	O
grandeur	O
,	O
for	O
instance	O
,	O
in	O

raree	O
-	O
show	O
of	O
the	O
Waverley	O
fictions	O
,	O
for	O
then	O
all	O
of	O
of	O
white	O
poppies	O
,	O
and	O
the	O
sow	O
's	O
stomach	O
filled	O
with	O
a	O
the	O
story	O
of	O
the	O
gold	O
fishes	O
in	O
the	O
lonely	O
lake	O
,	O
and	O
the	O

ourselves	O
sinks	O
,	O
except	O
the	O
consciousness	O
of	O
great	O
en	O
composition	O
of	O
all	O
else	O
that	O
is	O
horrible	O
,	O
which	O
,	O
when	O
prince	O
of	O
whose	O
body	O
the	O
lower	O
half	O
had	O
been	O
trans	O
-	O

joyment	O
.	O

Pallet	O
started	O
up	O
and	O
drew	O
the	O
table	O
-	O
cloth	O
after	O
him	O
,	O
formed	O
into	O
black	O
marble	O
.	O
The	O
stories	O
of	O
the	O
dead	O

Thousands	O
of	O
other	O
things	O
there	O
are	O
in	O
our	O
litera	O
-	O
was	O
pitched	O
into	O
the	O
lap	O
of	O
the	O
dainty	O
Italian	O
count	O
.	O
city	O
and	O
of	O
the	O
magnetic	O
island	O
,	O
which	O
drew	O
out	O
the	O

ture	O
,	O
which	O
we	O
feel	O
to	O
be	O
amongst	O
the	O
most	O
precious	O
What	O
a	O
flow	O
of	O
grotesque	O
and	O
laughter	O
-	O
compelling	O
nails	O
of	O
vessels	O
,	O
and	O
shipwrecked	O
the	O
mariners	O
,	O
are	O
of	O

of	O
our	O
possessions	O
and	O
privileges	O
.	O
Cowper	O
's	O
Task	O
is	O
images	O
!	O
Turn	O
we	O
from	O
Pickle	O
to	O
Clinker	O
,	O
and	O
how	O
the	O
same	O
kind	O
.	O
How	O
wild	O
and	O
strange	O
the	O
tale	O
of	O
the	O

as	O
good	O
as	O
an	O
estate	O
to	O
every	O
reading	O
man	O
in	O
the	O
king	O
-	O
do	O
we	O
find	O
the	O
matter	O
for	O
mirth	O
kept	O
up	O
!	O
The	O
mala	O
-	O
calender	O
on	O
the	O
uninhabited	O
island	O
,	O
to	O
which	O
a	O
mer	O
-	O

dom	O
.	O
There	O
are	O
some	O
of	O
Burns	O
's	O
songs	O
,	O
the	O
loss	O
of	O
prop	O
Jenkins	O
,	O
with	O
her	O
“	O
Oh	O
Molly	O
Jones	O
,	O
Molly	O
chant	O
comes	O
to	O
immure	O
his	O
son	O
for	O
a	O
year	O
,	O
that	O
he	O

which	O
,	O
if	O
it	O
were	O
possible	O
,	O
would	O
be	O
to	O
me	O
more	O
deplor	O
-	O
Jones	O
!	O
”	O
The	O
tabbiest	O
of	O
tabbies	O
,	O
Tabitha	O
.	O
Lesma	O
-	O
may	O
elude	O
the	O
prophecy	O
which	O
has	O
doomed	O
the	O
youth	O

able	O
,	O
as	O
far	O
as	O
I	O
am	O
personally	O
concerned	O
,	O
than	O
the	O
total	O
hago	O
,	O
most	O
scranky	O
of	O
captains	O
—	O
think	O
of	O
him	O
descend	O
-	O
to	O
destruction	O
within	O
that	O
period	O
—	O
what	O
a	O
sense	O
of	O

repeal	O
of	O
the	O
Habeas	O
Corpus	O
Act	O
.	O
The	O
blotting	O
out	O
ing	O
the	O
ladder	O
in	O
his	O
night	O
-	O
gown	O
yhen	O
the	O
false	O
alarm	O
ruthless	O
destiny	O
falls	O
on	O
the	O
reader	O
when	O
the	O
accident	O

of	O
the	O
Vicar	O
of	O
Wakefield	O
from	O
most	O
minds	O
,	O
would	O
of	O
fire	O
was	O
given	O
.	O
“	O
Mat	O
,	O
cried	O
the	O
knight	O
,	O
crown	O
takes	O
place	O
by	O
,	O
which	O
the	O
lad	O
is	O
killed	O
!	O
—	O
and	O
what	O
a	O

be	O
more	O
grievous	O
than	O
to	O
know	O
that	O
the	O
island	O
of	O
me	O
with	O
oak	O
,	O
or	O
ivy	O
,	O
or	O
laurel	O
,	O
or	O
parsley	O
,	O
or	O
what	O
you	O
distressing	O
sense	O
of	O
pity	O
for	O
the	O
father	O
,	O
who	O
immedi	O
-	O

Borneo	O
had	O
sunk	O
in	O
the	O
sea	O
.	O
The	O
single	O
whimsicality	O
will	O
,	O
and	O
acknowledge	O
me	O
to	O
be	O
a	O
coup	O
de	O
maitre	O
in	O
the	O
ately	O
after	O
comes	O
,	O
and	O
finds	O
his	O
body	O
.	O
The	O
whole	O
idea	O

of	O
the	O
gross	O
of	O
green	O
spectacles	O
,	O
and	O
Jenkinson	O
's	O
one	O
way	O
of	O
waggery	O
–	O
ha	O
,	O
ha	O
,	O
ha	O
!	O
Such	O
a	O
camiscata	O
scag	O
-	O
of	O
the	O
three	O
calenders	O
,	O
kings	O
'	O
sons	O
,	O
each	O
blind	O
of	O
an	O

piece	O
of	O
learning	O
about	O
the	O
cosmogony	O
,	O
could	O
not	O
be	O
liata	O
beffata	O
!	O
–	O
O	O
che	O
roba	O
—	O
Oh	O
what	O
a	O
subject	O
!	O
Oh	O
eye	O
,	O
who	O
meet	O
at	O
the	O
gates	O
of	O
Bagdad	O
,	O
is	O
a	O
fine	O
one	O
,	O
fill	O
-	O

lost	O
without	O
the	O
most	O
serious	O
detriment	O
to	O
all	O
con	O
-	O
what	O
a	O
caricature	O
!	O
Oh	O
for	O
a	O
Rosa	O
,	O
a	O
Rembrandt	O
,	O
a	O
ing	O
the	O
mind	O
with	O
a	O
pleasing	O
sense	O
of	O
the	O
inexplicable	O
.	O

cerned	O
,	O
namely	O
,	O
the	O
whole	O
English	O
public	O
.	O
Certainly	O
,	O
Schalken	O
!	O
Zooks	O
,	O
I	O
'll	O
give	O
a	O
hundred	O
guineas	O
to	O
have	O
all	O
the	O
barber	O
's	O
stories	O
are	O
excellent	O
,	O
from	O
that	O
of	O

it	O
would	O
be	O
less	O
distressing	O
to	O
lose	O
all	O
our	O
territorial	O
it	O
painted	O
—	O
what	O
a	O
fine	O
descent	O
*	O
*	O
!	O
What	O
lights	O
and	O
Alnaschar	O
who	O
,	O
in	O
his	O
sanguine	O
dream	O
of	O
prospective	O

interest	O
in	O
the	O
island	O
of	O
New	O
Zealand	O
,	O
than	O
to	O
cease	O
shadows	O
!	O
What	O
a	O
group	O
below	O
!	O
What	O
expression	O
greatness	O
,	O
kicked	O
over	O
the	O
basket	O
of	O
stoneware	O
which	O

to	O
know	O
and	O
relish	O
the	O
quiet	O
joke	O
of	O
the	O
vicar	O
respect	O
-	O
above	O
!	O
What	O
an	O
aspect	O
!	O
Did	O
you	O
mind	O
the	O
aspect	O
?	O
was	O
to	O
be	O
the	O
basis	O
of	O
his	O
fortune	O
,	O
to	O
that	O
of	O
the	O
blind	O

ing	O
his	O
wife	O
's	O
schemings	O
in	O
household	O
economy	O
,	O
that	O
-	O
-	O
ha	O
,	O
ha	O
,	O
ha	O
!	O
—	O
and	O
the	O
limbs	O
,	O
and	O
the	O
muscles	O
every	O
one	O
who	O
was	O
so	O
oddly	O
entertained	O
by	O
the	O
Barmecide	O
.	O

he	O
had	O
not	O
perceived	O
that	O
they	O
ever	O
got	O
any	O
richer	O
by	O
toe	O
denoted	O
terror	O
!	O
ha	O
,	O
ha	O
,	O
ha	O
!	O
—	O
then	O
the	O
blanket	O
!	O
Zobiede	O
figures	O
throughout	O
as	O
a	O
fine	O
specimen	O
of	O
wo	O
-	O

them	O
.	O
Then	O
there	O
is	O
Beau	O
Tibbs	O
in	O
the	O
essays	O
of	O
the	O
Oh	O
what	O
costume	O
!	O
St	O
Andrew	O
!	O
St	O
Lazarus	O
!	O
St	O
manly	O
fortitude	O
and	O
good	O
sense	O
,	O
and	O
Haroun	O
is	O
a	O
noble	O

same	O
writer	O
,	O
with	O
his	O
shivering	O
nankeens	O
,	O
and	O
that	O
Barnabas	O
!	O
—	O
ha	O
,	O
ha	O
,	O
ha	O
!	O
”	O
”	O

person	O
in	O
all	O
respects	O
.	O
Altogether	O
,	O
it	O
is	O
a	O
glorious	O

delightful	O
suburban	O
attic	O
,	O
the	O
view	O
from	O
which	O
was	O
There	O
are	O
some	O
books	O
usually	O
read	O
in	O
youth	O
,	O
and	O
book	O
,	O
and	O
one	O
to	O
which	O
we	O
cannot	O
well	O
show	O
erough	O

so	O
much	O
prized	O
by	O
Bill	O
Squash	O
,	O
the	O
Creole	O
.	O
What	O
without	O
which	O
youth	O
would	O
not	O
be	O
what	O
it	O
is	O
.	O
Of	O
of	O
respect	O
.	O
Good	O
as	O
it	O
ever	O
was	O
,	O
it	O
is	O
said	O
to	O
be	O
greatly	O

would	O
we	O
not	O
give	O
up	O
to	O
retain	O
Beau	O
Tibbs	O
!	O
The	O
these	O
are	O
Robinson	O
Crusoe	O
and	O
Gulliver	O
.	O
How	O
youth	O
improved	O
in	O
Mr	O
Lane	O
’	O
s	O
new	O
edition	O
,	O
which	O
I	O
have	O
not	O

poor	O
fellow	O
dined	O
on	O
all	O
that	O
was	O
slight	O
and	O
slender	O
;	O
passed	O
long	O
ago	O
,	O
when	O
there	O
was	O
no	O
Crusoe	O
to	O
waft	O
it	O
seen	O
,	O
but	O
which	O
I	O
would	O
need	O
to	O
see	O
before	O
I	O
could	O

but	O
he	O
did	O
not	O
feel	O
that	O
he	O
did	O
so	O
from	O
poverty	O
-	O
-	O
it	O
away	O
in	O
fancy	O
to	O
the	O
Pacific	O
,	O
and	O
fix	O
it	O
upon	O
the	O
lonely	O
believe	O
an	O
allegation	O
so	O
contrary	O
to	O
all	O
that	O
could	O
have	O

was	O
all	O
a	O
matter	O
of	O
taste	O
-	O
he	O
hated	O
your	O
immense	O
doings	O
of	O
the	O
shipwrecked	O
mariner	O
,	O
is	O
inconceivable	O
;	O
1	O
been	O
presupposed	O
.	O

#	O
#	O
p	O
.	O
2	O
(	O
#	O
18	O
)	O
#	O
#	O
#	O
#	O
#	O
#	O
#	O
#	O
#	O
#	O
#	O
#	O
#	O
#	O
#	O
#	O
#	O
#	O
#	O
#	O
#	O
#	O
#	O
#	O
#	O
#	O
#	O
#	O
#	O
#	O
#	O
#	O
#	O
#	O
#	O
#	O
#	O
#	O
#	O
#	O
#	O
#	O
#	O
#	O
#	O
#	O
#	O

CHAMBERS	O
'S	O
EDINBURGH	O
JOURNAL	O
.	O

1	O

The	O
Essayists	O
occupy	O
a	O
conspicuous	O
place	O
in	O
the	O
people	O
,	O
and	O
may	O
or	O
may	O
not	O
have	O
regular	O
professors	O
,	O
however	O
,	O
before	O
I	O
met	O
a	O
woman	O
whose	O
cottage	O
I	O
had	O

literature	O
of	O
the	O
last	O
century	O
;	O
but	O
somehow	O
I	O
do	O
not	O
as	O
the	O
accident	O
of	O
culture	O
may	O
direct	O
.	O

often	O
visited	O
,	O
and	O
who	O
,	O
by	O
the	O
depth	O
of	O
her	O
courtesy	O
,	O

feel	O
disposed	O
to	O
set	O
much	O
store	O
by	O
them	O
.	O
Their	O
fault	O
,	O
Sweet	O
syren	O
,	O
breathe	O
the	O
powerful	O
strain	O
!	O

and	O
a	O
certain	O
earnestness	O
of	O
gaze	O
,	O
seemed	O
to	O
say	O
as	O

Lochryan	O
's	O
damsel	O
*	O
sails	O
the	O
main	O
;	O

or	O
,	O
let	O
us	O
be	O
gentle	O
,	O
their	O
misfortune	O
,	O
is	O
,	O
that	O
they	O
do	O

The	O
crystal	O
towers	O
enchanted	O
see	O
!	O

plainly	O
as	O
any	O
words	O
could	O
speak	O
,	O
“	O
If	O
you	O
were	O
not	O
in	O

not	O
relate	O
so	O
much	O
to	O
human	O
nature	O
,	O
as	O
to	O
some	O
of	O
its	O
“	O
Now	O
break	O
,	O
"	O
she	O
cries	O
,	O
"	O
ye	O
fairy	O
charms	O
!	O
"	O
such	O
a	O
hurry	O
,	O
Miss	O
Emily	O
,	O
I	O
would	O
tell	O
you	O
something	O

temporary	O
modes	O
.	O
There	O
is	O
a	O
sad	O
deal	O
too	O
much	O
about	O
As	O
round	O
she	O
sails	O
with	O
fond	O
alarms	O
,	O

that	O
would	O
interest	O
you	O
very	O
much	O
.	O
”	O
I	O
paused	O
,	O
and	O

hoops	O
and	O
flounces	O
and	O
rolled	O
stockings	O
,	O
and	O
enforce	O
-	O

"	O
Now	O
break	O
,	O
and	O
set	O
my	O
true	O
love	O
free	O
!	O
"	O

she	O
immediately	O
began	O
to	O
ask	O
me	O
if	O
I	O
had	O
heard	O
of	O
the	O

Lord	O
Barnard	O
is	O
to	O
greenwood	O
gone	O
,	O

ments	O
of	O
little	O
moralities	O
which	O
no	O
gentleman	O
now	O

dreadful	O
accident	O
that	O
had	O
happened	O
to	O
the	O
morning	O

Where	O
fair	O
Gil	O
Morrice	O
sits	O
alone	O
,	O

thinks	O
of	O
disobeying	O
;	O
and	O
then	O
the	O
Flirtillas	O
,	O
and	O
And	O
careless	O
combs	O
his	O
yellow	O
hair	O
;	O

coach	O
about	O
an	O
hour	O
before	O
.	O
It	O
had	O
been	O
overturned	O
,	O

Eudosias	O
,	O
and	O
Eugeniuses	O
,	O
and	O
Hymenæuses	O
,	O
are	O
stiff	O
Ah	O
!	O
mourn	O
the	O
youth	O
,	O
untimely	O
slain	O
!	O

the	O
coachman	O
and	O
guard	O
killed	O
on	O
the	O
spot	O
,	O
the	O
outside	O

old	O
frumps	O
at	O
the	O
best	O
.	O
The	O
whole	O
reminds	O
one	O
of	O

The	O
meanest	O
of	O
Lord	O
Barnard	O
's	O
train	O

passengers	O
severely	O
injured	O
,	O
and	O
of	O
the	O
inside	O
ones	O
,	O
who	O

an	O
exhibition	O
of	O
wax	O
-	O
work	O
and	O
old	O
dresses	O
.	O
Yet	O

The	O
hunters	O
'	O
mangled	O
head	O
must	O
bear	O
.	O

Or	O
change	O
these	O
notes	O
of	O
deep	O
despair	O
,	O

were	O
merely	O
a	O
respectable	O
-	O
looking	O
middle	O
-	O
aged	O
woman	O
,	O

there	O
are	O
fine	O
things	O
amongst	O
them	O
too	O
-	O
Sir	O
Roger	O

For	O
love	O
's	O
more	O
soothing	O
tender	O
air	O
:	O

and	O
a	O
little	O
child	O
,	O
the	O
former	O
was	O
lying	O
insensible	O
at	O

de	O
Coverley	O
,	O
for	O
instance	O
,	O
that	O
admirable	O
Old	O
-	O
English	O
Sing	O
how	O
beneath	O
the	O
greenwood	O
tree	O
,	O

the	O
inn	O
,	O
while	O
the	O
latter	O
had	O
escaped	O
quite	O
unhurt	O
.	O
In	O

gentleman	O
,	O
so	O
humane	O
,	O
so	O
little	O
thinking	O
of	O
the	O
cur	O
-	O

Brown	O
Adam'st	O
love	O
maintained	O
her	O
truth	O
,	O

five	O
minutes	O
I	O
found	O
myself	O
in	O
a	O
small	O
room	O
in	O
the	O

rent	O
of	O
the	O
world	O
,	O
so	O
unreflecting	O
on	O
every	O
thing	O

Nor	O
would	O
resign	O
the	O
exiled	O
youth	O

little	O
inn	O
near	O
which	O
the	O
accident	O
had	O
happened	O
;	O
the	O

For	O
any	O
knight	O
the	O
fair	O
could	O
see	O
.	O

beyond	O
the	O
traditionary	O
habits	O
and	O
duties	O

of	O
his	O
In	O
these	O
terms	O
did	O
the	O
enthusiast	O
Leyden	O
express	O
that	O
medical	O
man	O
who	O
attended	O
us	O
was	O
already	O
there	O
,	O
and	O

station	O
and	O
locality	O
.	O
Here	O
also	O
we	O
have	O
the	O
majestic	O
devotion	O
to	O
ballad	O
literature	O
which	O
made	O
him	O
once	O
he	O
took	O
me	O
by	O
the	O
hand	O
and	O
said	O
,	O
“	O
Miss	O
Emily	O
,	O
this	O

moral	O
melancholy	O
of	O
Johnson	O
,	O
and	O
the	O
fine	O
pathos	O
of	O
start	O
away	O
from	O
Edinburgh	O
to	O
the	O
distant	O
vale	O
of	O
the	O
is	O
no	O
place	O
for	O
you	O
;	O
this	O
poor	O
woman	O
's	O
life	O
is	O
nearly	O

Mackenzie	O
.	O
But	O
,	O
after	O
all	O
,	O
it	O
must	O
be	O
a	O
selection	O
from	O
Liddel	O
,	O
on	O
the	O
Border	O
,	O
forthe	O
purpose	O
of	O
obtaining	O
from	O
ended	O
;	O
your	O
presence	O
can	O
do	O
her	O
no	O
good	O
;	O
but	O
if	O
you	O

that	O
long	O
line	O
of	O
essays	O
which	O
can	O
give	O
pleasure	O
now	O
-	O

a	O
certain	O
crone	O
but	O
one	O
missing	O
stanza	O
.	O
Nor	O
less	O
are	O

would	O
amuse	O
this	O
little	O
one	O
,	O
it	O
would	O
be	O
a	O
real	O
kind	O
-	O

the	O
charms	O
of	O
the	O
song	O
class	O
of	O
our	O
traditionary	O
poetry	O
.	O

a	O
-	O
days	O
.	O

The	O
Cowdenknowes	O
will	O
be	O
for	O
ever	O
vocal	O
with	O
the	O
ness	O
,	O
for	O
the	O
poor	O
sufferer	O
seems	O
conscious	O
of	O
her	O
sobs	O
,	O

Come	O
we	O
now	O
to	O
Pope	O
,	O
that	O
prince	O
of	O
sayers	O
of	O
acute	O
sweetest	O
of	O
verse	O
,	O
and	O
the	O
Marion	O
of	O
the	O
Ewe	O
-	O
Buchts	O
though	O
of	O
nothing	O
else	O
.	O
"	O
So	O
saying	O
,	O
he	O
pulled	O
a	O
little	O

and	O
exquisite	O
things	O
—	O
that	O
most	O
mellifiuous	O
of	O
all	O
the	O
must	O
shine	O
as	O
a	O
star	O
unto	O
all	O
time	O
.	O

girl	O
reluctantly	O
from	O
the	O
farther	O
side	O
of	O
the	O
bed	O
,	O
where	O

rhetorical	O
class	O
of	O
poets	O
amongst	O
whom	O
he	O
flourished	O
.	O

What	O
is	O
above	O
written	O
gives	O
but	O
the	O
heads	O
of	O
the	O
her	O
little	O
face	O
had	O
been	O
buried	O
in	O
the	O
counterpane	O
,	O

Fashion	O
has	O
set	O
him	O
a	O
little	O
aside	O
,	O
which	O
it	O
can	O
never	O
literature	O
.	O
The	O
addition	O
of	O
the	O
inferior	O
and	O
yet	O
worthy	O
she	O
bounded	O
forward	O
,	O
exclaiming	O
,	O
“	O
Oh	O
,	O
mamma	O
!	O

wealth	O
which	O
we	O
possess	O
under	O
the	O
name	O
of	O
English	O
and	O
led	O
her	O
towards	O
me	O
.	O
At	O
the	O
first	O
glimpse	O
of	O
me	O
,	O

do	O
with	O
an	O
author	O
who	O
has	O
not	O
written	O
in	O
some	O
mea	O
-	O

names	O
would	O
swell	O
the	O
account	O
,	O
like	O
the	O
putting	O
down	O

sure	O
according	O
to	O
a	O
fashion	O
;	O
but	O
he	O
was	O
a	O
fine	O
spirit	O
of	O
ciphers	O
on	O
the	O
right	O
hand	O
side	O
of	O
a	O
number	O
.	O
And	O
mamma	O
!	O
"	O
but	O
a	O
second	O
glance	O
was	O
sufficient	O
to	O
con	O
-	O

and	O
a	O
great	O
poet	O
,	O
nevertheless	O
,	O
and	O
English	O
literature	O
is	O
not	O
this	O
substantial	O
wealth	O
,	O
albeit	O
it	O
is	O
not	O
of	O
the	O
vince	O
her	O
of	O
her	O
mistake	O
,	O
and	O
to	O
make	O
her	O
redouble	O
her	O

would	O
show	O
a	O
mighty	O
blank	O
indeed	O
,	O
were	O
he	O
taken	O
out	O
kind	O
which	O
the	O
political	O
economists	O
insist	O
so	O
much	O
cries	O
for	O
her	O
dear	O
nurse	O
.	O
I	O
found	O
Fanchon	O
a	O
powerful	O

of	O
it	O
.	O
What	O
nicety	O
in	O
his	O
Essay	O
on	O
Criticism	O
—	O
what	O
upon	O
,	O
that	O
kind	O
which	O
,	O
as	O
they	O
say	O
,	O
has	O
an	O
exchange	O
-	O
auxiliary	O
in	O
gaining	O
the	O
attention	O
of	O
my	O
new	O
little	O

brilliant	O
polish	O
in	O
his	O
Rape	O
of	O
the	O
Lock	O
-	O
what	O
superb	O
only	O
reflect	O
what	O
would	O
be	O
our	O
condition	O
,	O
if	O
no	O
litera	O
-	O
friend	O
;	O
and	O
leaving	O
word	O
that	O
I	O
should	O
take	O
her	O
home	O

sorrow	O
and	O
passion	O
in	O
Eloisa	O
,	O
where	O
the	O
feeling	O
is	O
ture	O
,	O
ancient	O
or	O
modern	O
,	O
existed	O
.	O
The	O
accumulation	O
to	O
breakfast	O
,	O
we	O
hastened	O
thither	O
,	O
and	O
I	O
really	O
think	O

almost	O
made	O
true	O
by	O
its	O
vehemence	O
,	O
in	O
spite	O
of	O
the	O
of	O
these	O
stores	O
of	O
the	O
thoughts	O
and	O
fancies	O
of	O
eminent	O
joy	O
at	O
having	O
met	O
with	O
an	O
adventure	O
almost	O
made	O
me	O

constantly	O
counteracting	O
influence	O
of	O
the	O
diction	O
-	O
minds	O
,	O
is	O
just	O
like	O
the	O
construction	O
of	O
public	O
works	O
in	O
forget	O
to	O
feel	O
sorry	O
for	O
the	O
suffering	O
nurse	O
;	O
at	O
least	O

what	O
penetration	O
and	O
expansiveness	O
of	O
view	O
in	O
the	O
a	O
country	O
;	O
and	O
a	O
country	O
without	O
a	O
literature	O
is	O
like	O
this	O
I	O
know	O
,	O
that	O
when	O
our	O
friend	O
the	O
surgeon	O
came	O

Essay	O
on	O
Man	O
—	O
and	O

what	O
a	O
splendid	O
English	O
epic	O
in	O
a	O
country	O
in	O
which	O
as	O
yet	O
no	O
roads	O
have	O
been	O
formed	O
,	O
after	O
breakfast	O
to	O
say	O
that	O
all	O
was	O
over	O
,	O
and	O
found	O
me	O

the	O
translation	O
of	O
the	O
Iliad	O
!	O
The	O
verses	O
to	O
the	O
me	O
-	O

lar	O
assembly	O
built	O
.	O
But	O
England	O
is	O
in	O
both	O
these	O
engaged	O
in	O
a	O
regular	O
game	O
of	O
romps	O
with	O
the	O
child	O
,	O
I	O

mory	O
of	O
the	O
unfortunate	O
lady	O
alone	O
would	O
stamp	O
Pope	O
respects	O
a	O
wealthy	O
country	O
.	O
It	O
has	O
been	O
put	O
by	O
our	O
felt	O
a	O
pang	O
as	O
though	O
her	O
life	O
had	O
fallen	O
a	O
sacrifice	O
to	O

a	O
poet	O
,	O
if	O
there	O
were	O
nothing	O
else	O
to	O
make	O
him	O
out	O
fathers	O
into	O
our	O
hands	O
,	O
furnished	O
with	O
an	O
amount	O
of	O
my	O
negligence	O
.	O
There	O
was	O
nothing	O
,	O
he	O
said	O
,	O
by	O
which	O

that	O
,	O
as	O
well	O
as	O
a	O
great	O
ethical	O
writer	O
.	O
The	O
Dunciad	O
physical	O
conveniences	O
and	O
sources	O
of	O
comfort	O
beyond	O
it	O
could	O
be	O
ascertained	O
to	O
whom	O
the	O
child	O
belonged	O
,	O

and	O
all	O
the	O
other	O
satires	O
may	O
be	O
given	O
up	O
—	O
they	O
are	O

all	O
precedent	O
,	O
and	O
endowed	O
with	O
an	O
intellectual	O
inhe	O
-	O

ritance	O
such	O
as	O
no	O
other	O
country	O
ever	O
had	O
.	O
Evils	O

or	O
whence	O
she	O
came	O
;	O
there	O
was	O
no	O
luggage	O
that	O
could	O

decidedly	O
not	O
pleasing	O
.	O
But	O
the	O
remainder	O
of	O
his	O
manifold	O
may	O
affect	O
it	O
,	O
if	O
some	O
will	O
have	O
the	O
case	O
to	O
have	O
belonged	O
to	O
them	O
,	O
and	O
in	O
the	O
nurse	O
's	O
pocket	O
only	O

writings	O
are	O
a	O
precious	O
possession	O
of	O
the	O
people	O
in	O
be	O
so	O
;	O
but	O
,	O
amidst	O
all	O
that	O
troubles	O
her	O
,	O
there	O
still	O
a	O
very	O
handsome	O
purse	O
,	O
evidently	O
belonging	O
to	O
a	O
lady	O
,	O

whose	O
tongue	O
they	O
were	O
written	O
;	O
and	O
such	O
,	O
no	O
doubt	O
,	O
remains	O
,	O
unsullied	O
,	O
intact	O
,	O
ever	O
ready	O
for	O
the	O
solace	O
containing	O
a	O
few	O
guineas	O
and	O
some	O
silver	O
;	O
the	O
child	O
's	O

they	O
will	O
ever	O
be	O
.	O
Dryden	O
is	O
even	O
better	O
than	O
Pope	O
?	O
ment	O
of	O
her	O
thinking	O
sons	O
,	O
the	O
deathless	O
productions	O
clothes	O
,	O
too	O
,	O
were	O
not	O
marked	O
.	O
The	O
outside	O
passengers	O

He	O
has	O
immense	O
masculine	O
energies	O
.	O
There	O
is	O
a	O

of	O
her	O
intellectual	O
great	O
.	O

had	O
none	O
of	O
them	O
come	O
more	O
than	O
a	O
few	O
stages	O
,	O
and	O

lashing	O
strength	O
about	O
his	O
verse	O
that	O
no	O
other	O
writer	O

did	O
not	O
know	O
how	O
far	O
the	O
woman	O
and	O
child	O
might	O

approaches	O
.	O
His	O
works	O
are	O
the	O
farewell	O
of	O
the	O
sound	O
THE	O
STORY	O
OF	O
GERALDINE	O
,	O

have	O
travelled	O
;	O
the	O
latter	O
could	O
give	O
no	O
information	O
,	O

old	O
English	O
,	O
for	O
which	O
the	O
stiffened	O
and	O
glistered	O

but	O
that	O
she	O
was	O
papa	O
’	O
s	O
and	O
mamma	O
's	O
little	O
girl	O
,	O
and	O

language	O
of	O
the	O
last	O
century	O
was	O
the	O
substitute	O
,	O
and	O

which	O
there	O
has	O
latterly	O
been	O
a	O
disposition	O
to	O
revive	O
.	O
It	O
is	O
now	O
between	O
forty	O
and	O
fifty	O
years	O
since	O
my	O

that	O
their	O
names	O
were	O
papa	O
and	O
mamma	O
,	O
and	O
nothing	O

sister	O

Dryden	O
is	O
also	O
much	O
out	O
of	O
view	O
,	O
but	O
most	O
undeser	O
-	O
and	O
I	O
were	O
residing	O
near	O
the	O
beautiful	O
village	O
of	O
Car	O
-	O
else	O
;	O
for	O
herself	O

,	O
she	O
seemed	O
to	O
abound	O
in	O
names	O
,	O
for	O

vedly	O
.	O
Few	O
know	O
what	O
a	O
treasure	O
of	O
thought	O
and	O
well	O

,	O
in	O
a	O
romantic	O

part	O
of	O
England	O
,	O
now	O

little	O
visited	O
,	O
nothing	O
bright	O
or	O
beautiful	O
in	O
earth	O
or	O
air	O
could	O
be	O

We	O
are	O
apt	O
,	O
in	O
the	O
large	O
attention	O
we	O
pay	O
to	O
modern	O
ephemeral	O
reputation	O
which	O
the	O
most	O
newly	O
-	O
disco	O
-	O
but	O
the	O
name	O
she	O
always	O
gave	O
when	O
asked	O
,	O
was	O
the	O

expression	O
lies	O
in	O
his	O
Hind	O
and	O
Panther	O
and	O
Fables	O
.	O
but	O
which	O
at	O
that	O
time	O
was	O
at	O
the	O
height	O
of	O
that	O
mentioned	O
,	O
but	O
she	O
said	O
,	O
“	O
Mamma	O
call	O
me	O
dat	O
.	O
”	O
She	O

was	O
Diamond	O
,	O
and	O
Rose	O
,	O
and	O
Eyebright	O
,	O
and	O
Sunbeam	O
;	O

literature	O
,	O
to	O
set	O
down	O
him	O
and	O
Pope	O
in	O
our	O
minds	O
as	O
vered	O
spa	O
is	O
sure	O
to	O
obtain	O
among	O
our	O
novelty	O
-	O
loving	O

scarcely	O
poets	O
at	O
all	O
,	O
or	O
at	O
the	O
best	O
good	O
versifiers	O
;	O
countrymen	O
.	O
The	O
bustle	O
and	O
gaiety	O
of	O
Carwell	O
have	O
very	O
undignified	O
one	O
of	O
Cherry	O
.	O
Cherry	O
she	O
affirmed	O

but	O
when	O
we	O
open	O
their	O
works	O
,	O
and	O
actually	O
read	O
long	O
passed	O
away	O
:	O
the	O
faculty	O
no	O
longer	O
consider	O
its	O

she	O
was	O
,	O
and	O
very	O
angry	O
she	O
grew	O
when	O
we	O
laughed	O

at	O
her	O
.	O
However	O
,	O
we	O
had	O
no	O
doubt	O
that	O
before	O
the	O

fathers	O
talked	O
of	O
these	O
men	O
as	O
something	O
only	O
a	O
little	O
springs	O
a	O
specific	O
for	O
every	O
mortal	O
malady	O
;	O
nor	O
do	O
day	O
expired	O
,	O
her	O
parents	O
would	O
arrive	O
;	O
at	O
any	O
rato	O
,	O

lower	O
than	O
the	O
gods	O
.	O

the	O
great	O
world	O
,	O
wearied	O
of	O
the	O
splendour	O
of	O
their	O
an	O
-	O
the	O
accident	O
that	O
had	O
happened	O
would	O
soon	O
reach	O
their	O

Going	O
back	O
only	O
a	O
little	O
farther	O
,	O
we	O
come	O
to	O
Milton	O
,	O
cestral	O
halls	O
,	O
hasten	O
to	O
its	O
hotels	O
,	O
and	O
strive	O
,	O
by	O
sub	O
-	O
ears	O
,	O
and	O
our	O
little	O
Cherry	O
would	O
be	O
taken	O
from	O
us	O
;	O

with	O
his	O
grand	O
Christian	O
poem	O
-	O
to	O
Butler	O
,	O
with	O
his	O
mitting	O
to	O
temporary	O
inconveniences	O
,	O
to	O
acquire	O
a	O
new	O
but	O
day	O
after	O
day	O
,	O
and	O
week	O
after	O
week	O
,	O
passed	O
,	O
and	O
at	O

Hudibras	O
,	O
the	O
wit	O
of	O
which	O
is	O
so	O
exquisite	O

as	O
to	O
become	O
zest	O
for	O
the	O
enjoyment	O
of	O
their	O
homes	O
.	O
All	O
is	O
now	O
last	O
the	O
day	O
came	O
,	O
on	O
which	O
we	O
were	O
to	O
leave	O
Care	O

poetry	O
-	O
-	O
to	O
Waller	O
,	O
and	O
Cowley	O
,	O
and	O
Herbert	O
,	O
and	O

Herrick	O
.	O
Then	O
to	O
the	O
cavalier	O
poets	O
Lovelace	O
,	O
Suck	O
-	O
stillness	O
and	O
solitude	O
,	O
but	O
to	O
my	O
mind	O
's	O
eye	O
it	O
will	O
well	O
,	O
without	O
one	O
inquiry	O
having	O
been	O
made	O
after	O
the	O

ling	O
,	O
and	O
Carew	O
,	O
who	O
loved	O
their	O
unfortunate	O
master	O
ever	O
be	O
pictured	O
as	O
the	O
place	O
that	O
it	O
then	O
was	O
,	O
rather	O
sweet	O
child	O
;	O
for	O
sweet	O
,	O
indeed	O
,	O
she	O
was	O
,	O
and	O
to	O
mu	O
,	O
at	O

with	O
a	O
zeal	O
which	O
was	O
in	O
itself	O
more	O
poetical	O
than	O
the	O
than	O
as	O
it	O
now	O
is	O
.	O

least	O
,	O
possessed	O
of	O
charms	O
I	O
never	O
saw	O
partaken	O
of	O
by	O

nine	O
-	O
tenths	O
of	O
even	O
good	O
verse	O
.	O
Next	O
in	O
retrogression	O
,	O

we	O
find	O
the	O
dramatists	O
-	O
-	O
the	O
English	O
dramatists	O
,	O
for	O
I	O
write	O
;	O
we	O
had	O
been	O
left	O
orphans	O
at	O
too	O
early	O
an	O
age	O
thing	O
till	O
her	O
parents	O
found	O
her	O
:	O
she	O
rather	O
wondered	O

My	O
sister	O
and	O
I	O
were	O
just	O
of	O
ago	O
at	O
the	O
time	O
of	O
which	O
any	O
other	O
.	O
The	O
day	O
before	O
we	O
left	O
,	O
I	O
told	O
my	O
sister	O

that	O
,	O
of	O
course	O
,	O
I	O
should	O
not	O
part	O
with	O
our	O
little	O
play	O
-	O

from	O
extremity	O
of	O
fame	O
to	O
be	O
mentioned	O
,	O
the	O
learned	O
to	O
know	O
our	O
loss	O
;	O
and	O
since	O
leaving	O
school	O
,	O
we	O
had	O
at	O
my	O
encumbering	O
myself	O
in	O
such	O
a	O
manner	O
;	O
but	O
you	O

Jonson	O
,	O
the	O
sweet	O
Fletcher	O
,	O
the	O
soul	O
-	O
harrowing	O
Ford	O
,	O
passed	O
our	O
time	O
in	O
visiting	O
our	O
numerous	O
connections	O
;	O
may	O
suppose	O
her	O
objections	O
were	O
not	O
of	O
a	O
very	O
serious	O

and	O
the	O
romantic	O
Webster	O
.	O
A	O
little	O
earlier	O
,	O
and	O
we	O
but	O
immediately	O
on	O
obtaining	O
possession	O
of	O
the	O
large	O
nature	O
,	O
as	O
about	O
six	O
months	O
afterwards	O
she	O
became	O

have	O
Spenser	O
,	O
with	O
his	O
endless	O
tissue	O
of	O
beautiful	O
alle	O
fortune	O
which	O
,	O
by	O
the	O
will	O
of	O
our	O
father	O
,	O
was	O
to	O
be	O
the	O
wife	O
of	O
a	O
gentleman	O
with	O
eight	O
similar	O
encum	O
-	O

gory	O
-	O
-	O
a	O
little	O
earlier	O
still	O
,	O
we	O
have	O
the	O
fathers	O
of	O
their	O

era	O
,	O
Surry	O
and	O
Wyatt	O
.	O
Before	O
this	O
time	O
,	O
some	O
giants	O

come	O
ours	O
on	O
our	O
twenty	O
-	O
first	O
birth	O
day	O
,	O
we	O
determined	O
wonder	O
,	O
but	O
I	O
do	O
not	O
think	O
she	O
ever	O
had	O
the	O
slightest	O

brances	O
;	O
it	O
certainly	O
then	O
became	O
my	O
turn	O
rather	O
to	O

loom	O
through	O
the	O
obscurity	O
that	O
has	O
invested	O
them	O
.	O
to	O
take	O
a	O
beautiful	O
little	O
residence	O
for	O
a	O
few	O
months	O
,	O
cause	O
to	O
regret	O
the	O
step	O
she	O
took	O
,	O
any	O
more	O
than	O
I	O

There	O
is	O
the	O
admirable	O
Scottish	O
Dunbar	O
,	O
a	O
poet	O
of	O
in	O
the	O
immediate	O
neighbourhood	O
of	O
Carwell	O
,	O
and	O
have	O
to	O
regret	O
mine	O
.	O
Before	O
leaving	O
Carwell	O

,	O
I	O
sent	O

manners	O
and	O
morals	O
little	O
behind	O
Pope	O
.	O
There	O
is	O
leave	O
our	O
permanent	O
abode	O
for	O
the	O
present	O
undecided	O
.	O
my	O
address	O
in	O
London	O
,	O
whither	O
we	O
were	O
going	O
,	O
to	O
all	O

poetical	O
painters	O
,	O
and	O
only	O
neglected	O
because	O
his	O
lan	O
-	O
seldom	O
have	O
any	O
young	O
heiresses	O
so	O
thoroughly	O
enjoyed	O
of	O
the	O
accident	O
again	O
inserted	O
in	O
the	O
newspapers	O
.	O

Chaucer	O
,	O
one	O
of	O
the	O
most	O
correct	O
and	O
unaffected	O
of	O
The	O
summer	O
months	O
passed	O
rapidly	O
away	O
,	O
and	O
I	O
believe	O
the	O
hotels	O
and	O
lodging	O
houses	O
,	O
with	O
a	O
particular	O
de	O
-	O

guage	O
has	O
ceased	O
to	O
be	O
understood	O
.	O
And	O
,	O
finally	O
,	O

there	O
is	O
Barbour	O
,	O
the	O
writer	O
of	O
a	O
most	O
delightful	O
epic	O
,	O
the	O
adulation	O
and	O
flattery	O
heaped	O
upon	O
heiresses	O
all	O
the	O

My	O
Chérie	O
had	O
evidently	O
been	O
most	O
carefully	O
brought	O

which	O
has	O
all	O
the	O
advantage	O
of	O
being	O
a	O
true	O
history	O
-	O
world	O
over	O
,	O
as	O
we	O
did	O
.	O
We	O
were	O
expecting	O
to	O
leave	O
up	O
,	O
and	O
the	O
first	O
thing	O
I	O
did	O
on	O
arriving	O
in	O
London	O
was	O

namely	O
,	O
The	O
Bruce	O
.	O

our	O
lovely	O
Orange	O
Bower	O
(	O
for	O
so	O
was	O
our	O
cottage	O
called	O
)	O
to	O
purchase	O
a	O
blank	O
book	O
,	O
in	O
which	O
I	O
might	O
carefully	O

that	O
have	O
yet	O
been	O
adverted	O
to	O
remains	O
to	O
be	O
noticed	O
:	O
ing	O
,	O
finding	O
my	O
sister	O
not	O
ready	O
for	O
breakfast	O
quite	O
so	O

A	O
class	O
of	O
compositions	O
altogether	O
apart	O
from	O
all	O
in	O
about	O
a	O
fortnight	O
,	O
when	O
one	O
bright	O
autumnal	O
morn	O
-	O
record	O
every	O
thing	O
the	O
little	O
girl	O
said	O
that	O
might	O
throw	O

any	O
light	O
upon	O
her	O
past	O
life	O
,	O
for	O
I	O
mistrusted	O
my	O
memory	O

too	O
much	O
to	O
rely	O
on	O
it	O
alone	O
;	O
the	O
second	O
thing	O
I	O
did	O

or	O
of	O
Scotland	O
.	O
No	O
era	O
can	O
be	O
mentioned	O
for	O
these	O
soon	O
as	O
myself	O
,	O
I	O
put	O
on	O
my	O
bonnet	O
,	O
and	O
called	O
my	O
was	O
to	O
have	O
her	O
miniature	O
taken	O
,	O
that	O
,	O
should	O
she	O
not	O

compositions	O
:	O
they	O
have	O
glimpsed	O
forth	O
from	O
the	O
dark	O
-	O
little	O
dog	O
Fanchon	O
,	O
to	O
take	O
a	O
scamper	O
with	O
me	O
through	O
meet	O
her	O
parents	O
till	O
too	O
much	O
changed	O
for	O
them	O
to	O

ness	O
of	O
past	O
ages	O
,	O
as	O
stars	O
come	O
by	O
night	O
into	O
the	O
sky	O
,	O
the	O
adjoining	O
lanes	O
,	O
intending	O
to	O
surprise	O
Harriet	O
on	O
remember	O
her	O
,	O
the	O
miniature	O
might	O
be	O
something	O
to	O

without	O
any	O
one	O
being	O

able	O
to	O
tell	O
exactly	O
when	O
they	O
my	O
return	O
with	O
the	O
information	O
that	O
a	O
certain	O
circuit	O
appeal	O
to	O
for	O
what	O
she	O
had	O
been	O
when	O
first	O
brought	O

first	O
became	O
visible	O
.	O
No	O
authors	O
'	O
names	O
can	O
be	O
men	O
-	O
had	O
been	O
made	O
in	O
about	O
one	O
-	O
third	O
of	O
the	O
time	O
usually	O

under	O
my	O
notice	O
.	O

tioned	O
for	O
them	O
:	O
they	O
have	O
sprung	O
forth	O
like	O
the	O

From	O
the	O
very	O
moment	O
of	O
leaving	O
Carwell	O
,	O
I	O
deter	O
-	O

anbidden	O
beauty	O
of	O
the	O
prairie	O
,	O
which	O
no	O
one	O
can	O
tell	O
allotted	O
to	O
such	O
an	O
expedition	O
.	O
I	O
had	O
not	O
gone	O
far	O
,	O
mined	O
to	O
devote	O
my	O
whole	O
time	O
and	O
attention	O
to	O
the	O

how	O
it	O
became	O
planted	O
.	O
Involuntary	O
gushings	O
they	O

welfare	O
of	O
this	O
beloved	O
child	O
,	O
and	O
I	O
commenced	O
a	O
course	O

would	O
appear	O
to	O
have	O
been	O
of	O
that	O
"	O
faculty	O
divine	O
,	O

*	O
See	O
the	O
ballad	O
of	O
the	O
Lass	O
of	O
Lochryan	O
.	O

of	O
reading	O
that	O
I	O
hoped	O
might	O
qualify	O
me	O
for	O
carrying	O

which	O
has	O
resided	O
at	O
all	O
times	O
in	O
the	O
bosoms	O
of	O
the	O

†	O
See	O
the	O
ballad	O
of	O
Brovon	O
Adam	O
in	O
the	O
Border	O
Minstrelsy	O
.	O
on	O
her	O
education	O
in	O
a	O
very	O
superior	O
manner	O
.	O
I	O
studied	O

BY	O
HER	O
FRIEND	O
.	O

1	O

1	O

#	O
#	O
p	O
.	O
3	O
(	O
#	O
19	O
)	O
#	O
#	O
#	O
#	O
#	O
#	O
#	O
#	O
#	O
#	O
#	O
#	O
#	O
#	O
#	O
#	O
#	O
#	O
#	O
#	O
#	O
#	O
#	O
#	O
#	O
#	O
#	O
#	O
#	O
#	O
#	O
#	O
#	O
#	O
#	O
#	O
#	O
#	O
#	O
#	O
#	O
#	O
#	O
#	O
#	O
#	O
#	O

CHAMBERS	O
'S	O
EDINBURGH	O
JOURNAL	O
.	O

3	O

all	O
that	O
Locke	O
and	O
Mrs	O
Chapone	O
,	O
Miss	O
Edgeworth	O
,	O
liked	O
,	O
at	O
any	O
other	O
time	O
,	O
to	O
have	O
looked	O
round	O
this	O
deso	O
-	O
that	O
it	O
might	O
arrive	O
before	O
herself	O
.	O
When	O
she	O
reached	O

Hannah	O
More	O
,	O
and	O
Miss	O
Hamilton	O
,	O
had	O
written	O
on	O
the	O
late	O
apartment	O
,	O
yet	O
our	O
candle	O
was	O
burning	O
too	O
low	O
in	O
Shrewsbury	O
,	O
however	O
,	O
she	O
resolved	O
to	O
send	O
the	O
nurse	O

subject	O
,	O
and	O
amused	O
myself	O
with	O
forming	O
schemes	O
,	O
which	O
its	O
socket	O
to	O
admit	O
of	O
my	O
noticing	O
any	O
thing	O
but	O
the	O
and	O
child	O
to	O
Carwell	O
,	O
as	O
she	O
feared	O
the	O
long	O
journey	O

I	O
thought	O
would	O
combine	O
the	O
advantages	O
of	O
each	O
system	O
one	O
object	O
I	O
was	O
come	O
to	O
see	O
.	O
I	O
had	O
only	O
time	O
to	O
take	O
might	O
be	O
injurious	O
to	O
the	O
child	O
,	O
and	O
she	O
knew	O
some	O

without	O
the	O
defects	O
of	O
any	O
.	O
As	O
soon	O
as	O
she	O
became	O
old	O
one	O
wistful	O
gaze	O
at	O
the	O
lovely	O
lady	O
,	O
and	O
her	O
sweet	O
child	O
intimate	O
friends	O
of	O
her	O
own	O
sex	O
were	O
there	O
who	O
would	O

enough	O
to	O
have	O
a	O
governess	O
,	O
I	O
used	O
great	O
care	O
in	O
the	O
who	O
nestled	O
in	O
her	O
bosom	O
,	O
when	O
our	O
candle	O
suddenly	O
look	O
after	O
her	O
.	O
She	O
had	O
not	O
time	O
to	O
write	O
to	O
them	O
,	O
but	O

selection	O
of	O
one	O
whom	O
I	O
thought	O
likely	O
to	O
co	O
-	O
operate	O
went	O
out	O
,	O
and	O
left	O
us	O
in	O
total	O
darkness	O
.	O
I	O
groped	O
my	O
they	O
knew	O
the	O
nurse	O
,	O
and	O
she	O
was	O
to	O
tell	O
them	O
she	O
would	O

with	O
me	O
in	O
my	O
plans	O
for	O
conveying	O
the	O
highest	O
degree	O
way	O
back	O
to	O
bed	O
alone	O
(	O
Fanny	O
's	O
room	O
being	O
in	O
an	O
oppo	O
-	O
write	O
from	O
Plymouth	O
.	O
Most	O
unfortunately	O
,	O
when	O
she	O

of	O
polish	O
to	O
the	O
manners	O
,	O
combined	O
with	O
the	O
most	O
solid	O
site	O
direction	O
to	O
mine	O
)	O
,	O
but	O
it	O
was	O
not	O
to	O
sleep	O
;	O
so	O
long	O
reached	O
Plymouth	O
,	O
the	O
vessel	O
was	O
on	O
the	O
point	O
of	O
sailing	O
.	O

groundwork	O
of	O
intellectual	O
cultivation	O
.	O
I	O
could	O
,	O
how	O
-	O
a	O
night	O
I	O
never	O
passed	O
in	O
the	O
whole	O
course	O
of	O
my	O
exist	O
-	O
She	O
hastened	O
on	O
board	O
,	O
where	O
she	O
soon	O
made	O
the	O
dis	O
-	O

ever	O
,	O
seldom	O
retain	O
any	O
governess	O
longer	O
than	O
a	O
few	O
ence	O
;	O
and	O
when	O
day	O
at	O
last	O
dawned	O
,	O
still	O
I	O
thought	O
the	O
covery	O
that	O
it	O
was	O
not	O
intended	O
for	O
the	O
accommodation	O

months	O
,	O
my	O
exactions	O
being	O
so	O
very	O
arbitrary	O
,	O
until	O
hour	O
would	O
never	O
come	O
when	O
I	O
might	O
descend	O
to	O
the	O
of	O
lady	O
passengers	O
at	O
any	O
rate	O
;	O
but	O
the	O
captain	O
,	O
a	O
coarse	O
,	O

I	O
received	O
a	O
Mrs	O
Baker	O
,	O
who	O
was	O
every	O
thing	O
that	O
I	O
library	O
with	O
any	O
hope	O
of	O
finding	O
.	O
Lord	O
Marsden	O
there	O
.	O
and	O
as	O
she	O
soon	O
began	O
to	O
fear	O
,	O
an	O
ignorant	O
man	O
,	O
was	O
too	O

could	O
wish	O
.	O
This	O
lady	O
was	O
homeless	O
and	O
friendless	O
,	O
At	O
last	O
I	O
went	O
down	O
,	O
but	O
found	O
it	O
empty	O
,	O
and	O
I	O
began	O
glad	O
to	O
secure	O
the	O
large	O
sum	O
which	O
the	O
eagerness	O
of	O
the	O

and	O
her	O
history	O
interested	O
me	O
so	O
much	O
,	O
that	O
I	O
deter	O
-	O
to	O
fear	O
that	O
he	O
was	O
that	O
morning	O
going	O
to	O
depart	O
from	O
lady	O
made	O
bim	O
demand	O
for	O
her	O
passage	O
,	O
to	O
hint	O
to	O
her	O

mined	O
to	O
take	O
her	O
on	O
trial	O
.	O
She	O
had	O
just	O
escaped	O
from	O
his	O
established	O
rule	O
,	O
of	O
reading	O
there	O
for	O
an	O
hour	O
before	O
that	O
it	O
was	O
no	O
place	O
for	O
her	O
.	O
A	O
violent	O
storm	O
came	O
on	O

France	O
,	O
where	O
she	O
had	O
been	O
a	O
prisoner	O
,	O
and	O
without	O
breakfast	O
.	O
At	O
length	O
he	O
came	O
,	O
and	O
summoning	O
up	O
all	O
the	O
next	O
day	O
,	O
which	O
drove	O
them	O
completely	O
out	O
of	O
their	O

any	O
means	O
of	O
communicating	O
with	O
her	O
family	O
and	O
my	O
courage	O
,	O
“	O
Lord	O
Marsden	O
,	O
"	O
I	O
said	O
,	O
“	O
I	O
should	O
apo	O
course	O
;	O
and	O
after	O
it	O
had	O
subsided	O
,	O
while	O
the	O
captain	O
and	O

friends	O
,	O
for	O
ten	O
tedious	O
years	O
;	O
and	O
when	O
at	O
last	O
,	O
a	O
lonely	O
logise	O
for	O
my	O
intrusion	O
into	O
a	O
room	O
where	O
I	O
believe	O
you	O
crew	O
were	O
all	O
in	O
a	O
state	O
of	O
brutal	O
intoxication	O
,	O
they	O
were	O

widow	O
,	O
she	O
reached	O
her	O
native	O
land	O
,	O
it	O
was	O
only	O
to	O
find	O
allow	O
no	O
one	O
to	O
enter	O
but	O
yourself	O
;	O
but	O
I	O
trust	O
you	O
will	O
taken	O
by	O
a	O
French	O
vessel	O
.	O
Her	O
servant	O
,	O
the	O
only	O
one	O

herself	O
without	O
a	O
friend	O
,	O
and	O
with	O
so	O
small	O
a	O
pittance	O
have	O
to	O
thank	O
me	O
for	O
my	O
boldness	O
till	O
your	O
dying	O
day	O
,	O
who	O
offered	O
any	O
resistance	O
,	O
fell	O
dead	O
at	O
her	O
feet	O
,	O
de	O
-	O

that	O
active	O
employment	O
was	O
her	O
only	O
resource	O
.	O
I	O
was	O
for	O
I	O
think	O
I	O
cannot	O
be	O
mistaken	O
in	O
saying	O
that	O
this	O
claring	O
,	O
he	O
hoped	O
they	O
would	O
rather	O
kill	O
his	O
honoured	O

soon	O
delighted	O
to	O
find	O
the	O
change	O
that	O
took	O
place	O
upon	O
(	O
putting	O
the	O
miniature	O
,	O
which	O
I	O
always	O
carried	O
about	O
lady	O
than	O
make	O
a	O
prisoner	O
of	O
her	O
.	O
Captivity	O
,	O
however	O
,	O

Chérie	O
.	O
Mrs	O
Baker	O
acted	O
in	O
so	O
judicious	O
à	O
manner	O
,	O
with	O
me	O
,	O
into	O
his	O
hands	O
)	O
that	O
this	O
is	O
indeed	O
your	O
long	O
was	O
her	O
fate	O
.	O

